[     134ms] [LOG] [Fast Refresh] rebuilding @ http://localhost:3000/_next/static/chunks/node_modules_next_dist_115brz8._.js:2477
[     834ms] [ERROR] Failed to load resource: the server responded with a status of 500 (Internal Server Error) @ http://localhost:3000/dashboard/admin/courses:0
[    1005ms] [INFO] %cDownload the React DevTools for a better development experience: https://react.dev/link/react-devtools font-weight:bold @ http://localhost:3000/_next/static/chunks/node_modules_react-dom_0bruynb._.js:15305
[    1053ms] Error: ./components/admin/AdminCourseManager.tsx:492:15
Expected '</', got '}'
  490 |                 </button>
  491 |               </li>
> 492 |             ))}
      |               ^
  493 |           </ul>
  494 |         </div>
  495 |

Parsing ecmascript source code failed

Import trace:
  Server Component:
    ./components/admin/AdminCourseManager.tsx
    ./app/dashboard/admin/courses/page.tsx


    at <unknown> (Error: ./components/admin/AdminCourseManager.tsx:492:15)
    at Object.getCompilationErrors (file://C:\Users\manue\OneDrive\Desktop\project\ella_project\node_modules\next\dist\server\dev\hot-reloader-turbopack.js:1186:59)
    at DevBundlerService.getCompilationError (file://C:\Users\manue\OneDrive\Desktop\project\ella_project\node_modules\next\dist\server\lib\dev-bundler-service.js:44:55)
    at DevServer.getCompilationError (file://C:\Users\manue\OneDrive\Desktop\project\ella_project\node_modules\next\dist\server\dev\next-dev-server.js:720:42)
    at DevServer.findPageComponents (file://C:\Users\manue\OneDrive\Desktop\project\ella_project\node_modules\next\dist\server\dev\next-dev-server.js:690:43)
    at async DevServer.renderErrorToResponseImpl (file://C:\Users\manue\OneDrive\Desktop\project\ella_project\node_modules\next\dist\server\base-server.js:1753:26)
[    1051ms] [LOG] [HMR] connected @ http://localhost:3000/_next/static/chunks/node_modules_next_dist_0u_w_5s._.js:1226
[    1089ms] [ERROR] ./components/admin/AdminCourseManager.tsx:492:15
Expected '</', got '}'
  490 |                 </button>
  491 |               </li>
> 492 |             ))}
      |               ^
  493 |           </ul>
  494 |         </div>
  495 |

Parsing ecmascript source code failed

Import trace:
  Server Component:
    ./components/admin/AdminCourseManager.tsx
    ./app/dashboard/admin/courses/page.tsx @ http://localhost:3000/_next/static/chunks/node_modules_next_dist_0u_w_5s._.js:1945
[    1287ms] [ERROR] ./components/admin/AdminCourseManager.tsx:492:15
Expected '</', got '}'
  490 |                 </button>
  491 |               </li>
> 492 |             ))}
      |               ^
  493 |           </ul>
  494 |         </div>
  495 |

Parsing ecmascript source code failed

Import trace:
  Server Component:
    ./components/admin/AdminCourseManager.tsx
    ./app/dashboard/admin/courses/page.tsx @ http://localhost:3000/_next/static/chunks/node_modules_next_dist_0u_w_5s._.js:1945
[    1396ms] [LOG] [Fast Refresh] rebuilding @ http://localhost:3000/_next/static/chunks/node_modules_next_dist_0u_w_5s._.js:1226
[    1420ms] [ERROR] ./components/admin/AdminCourseManager.tsx:492:15
Expected '</', got '}'
  490 |                 </button>
  491 |               </li>
> 492 |             ))}
      |               ^
  493 |           </ul>
  494 |         </div>
  495 |

Parsing ecmascript source code failed

Import trace:
  Server Component:
    ./components/admin/AdminCourseManager.tsx
    ./app/dashboard/admin/courses/page.tsx @ http://localhost:3000/_next/static/chunks/node_modules_next_dist_0u_w_5s._.js:1945
[    1490ms] [ERROR] ./components/admin/AdminCourseManager.tsx:492:15
Expected '</', got '}'
  490 |                 </button>
  491 |               </li>
> 492 |             ))}
      |               ^
  493 |           </ul>
  494 |         </div>
  495 |

Parsing ecmascript source code failed

Import trace:
  Server Component:
    ./components/admin/AdminCourseManager.tsx
    ./app/dashboard/admin/courses/page.tsx @ http://localhost:3000/_next/static/chunks/node_modules_next_dist_0u_w_5s._.js:1945
[    1552ms] [ERROR] ./components/admin/AdminCourseManager.tsx:492:15
Expected '</', got '}'
  490 |                 </button>
  491 |               </li>
> 492 |             ))}
      |               ^
  493 |           </ul>
  494 |         </div>
  495 |

Parsing ecmascript source code failed

Import trace:
  Server Component:
    ./components/admin/AdminCourseManager.tsx
    ./app/dashboard/admin/courses/page.tsx @ http://localhost:3000/_next/static/chunks/node_modules_next_dist_0u_w_5s._.js:1945
[    1616ms] [ERROR] ./components/admin/AdminCourseManager.tsx:492:15
Expected '</', got '}'
  490 |                 </button>
  491 |               </li>
> 492 |             ))}
      |               ^
  493 |           </ul>
  494 |         </div>
  495 |

Parsing ecmascript source code failed

Import trace:
  Server Component:
    ./components/admin/AdminCourseManager.tsx
    ./app/dashboard/admin/courses/page.tsx @ http://localhost:3000/_next/static/chunks/node_modules_next_dist_0u_w_5s._.js:1945
[    1679ms] [ERROR] ./components/admin/AdminCourseManager.tsx:492:15
Expected '</', got '}'
  490 |                 </button>
  491 |               </li>
> 492 |             ))}
      |               ^
  493 |           </ul>
  494 |         </div>
  495 |

Parsing ecmascript source code failed

Import trace:
  Server Component:
    ./components/admin/AdminCourseManager.tsx
    ./app/dashboard/admin/courses/page.tsx @ http://localhost:3000/_next/static/chunks/node_modules_next_dist_0u_w_5s._.js:1945
[    1740ms] [ERROR] ./components/admin/AdminCourseManager.tsx:492:15
Expected '</', got '}'
  490 |                 </button>
  491 |               </li>
> 492 |             ))}
      |               ^
  493 |           </ul>
  494 |         </div>
  495 |

Parsing ecmascript source code failed

Import trace:
  Server Component:
    ./components/admin/AdminCourseManager.tsx
    ./app/dashboard/admin/courses/page.tsx @ http://localhost:3000/_next/static/chunks/node_modules_next_dist_0u_w_5s._.js:1945
[    1803ms] [ERROR] ./components/admin/AdminCourseManager.tsx:492:15
Expected '</', got '}'
  490 |                 </button>
  491 |               </li>
> 492 |             ))}
      |               ^
  493 |           </ul>
  494 |         </div>
  495 |

Parsing ecmascript source code failed

Import trace:
  Server Component:
    ./components/admin/AdminCourseManager.tsx
    ./app/dashboard/admin/courses/page.tsx @ http://localhost:3000/_next/static/chunks/node_modules_next_dist_0u_w_5s._.js:1945
[    1867ms] [ERROR] ./components/admin/AdminCourseManager.tsx:492:15
Expected '</', got '}'
  490 |                 </button>
  491 |               </li>
> 492 |             ))}
      |               ^
  493 |           </ul>
  494 |         </div>
  495 |

Parsing ecmascript source code failed

Import trace:
  Server Component:
    ./components/admin/AdminCourseManager.tsx
    ./app/dashboard/admin/courses/page.tsx @ http://localhost:3000/_next/static/chunks/node_modules_next_dist_0u_w_5s._.js:1945
[    1928ms] [ERROR] ./components/admin/AdminCourseManager.tsx:492:15
Expected '</', got '}'
  490 |                 </button>
  491 |               </li>
> 492 |             ))}
      |               ^
  493 |           </ul>
  494 |         </div>
  495 |

Parsing ecmascript source code failed

Import trace:
  Server Component:
    ./components/admin/AdminCourseManager.tsx
    ./app/dashboard/admin/courses/page.tsx @ http://localhost:3000/_next/static/chunks/node_modules_next_dist_0u_w_5s._.js:1945
[    1991ms] [ERROR] ./components/admin/AdminCourseManager.tsx:492:15
Expected '</', got '}'
  490 |                 </button>
  491 |               </li>
> 492 |             ))}
      |               ^
  493 |           </ul>
  494 |         </div>
  495 |

Parsing ecmascript source code failed

Import trace:
  Server Component:
    ./components/admin/AdminCourseManager.tsx
    ./app/dashboard/admin/courses/page.tsx @ http://localhost:3000/_next/static/chunks/node_modules_next_dist_0u_w_5s._.js:1945
[    2052ms] [ERROR] ./components/admin/AdminCourseManager.tsx:492:15
Expected '</', got '}'
  490 |                 </button>
  491 |               </li>
> 492 |             ))}
      |               ^
  493 |           </ul>
  494 |         </div>
  495 |

Parsing ecmascript source code failed

Import trace:
  Server Component:
    ./components/admin/AdminCourseManager.tsx
    ./app/dashboard/admin/courses/page.tsx @ http://localhost:3000/_next/static/chunks/node_modules_next_dist_0u_w_5s._.js:1945
[    2115ms] [ERROR] ./components/admin/AdminCourseManager.tsx:492:15
Expected '</', got '}'
  490 |                 </button>
  491 |               </li>
> 492 |             ))}
      |               ^
  493 |           </ul>
  494 |         </div>
  495 |

Parsing ecmascript source code failed

Import trace:
  Server Component:
    ./components/admin/AdminCourseManager.tsx
    ./app/dashboard/admin/courses/page.tsx @ http://localhost:3000/_next/static/chunks/node_modules_next_dist_0u_w_5s._.js:1945
[    2179ms] [ERROR] ./components/admin/AdminCourseManager.tsx:492:15
Expected '</', got '}'
  490 |                 </button>
  491 |               </li>
> 492 |             ))}
      |               ^
  493 |           </ul>
  494 |         </div>
  495 |

Parsing ecmascript source code failed

Import trace:
  Server Component:
    ./components/admin/AdminCourseManager.tsx
    ./app/dashboard/admin/courses/page.tsx @ http://localhost:3000/_next/static/chunks/node_modules_next_dist_0u_w_5s._.js:1945
[    2241ms] [ERROR] ./components/admin/AdminCourseManager.tsx:492:15
Expected '</', got '}'
  490 |                 </button>
  491 |               </li>
> 492 |             ))}
      |               ^
  493 |           </ul>
  494 |         </div>
  495 |

Parsing ecmascript source code failed

Import trace:
  Server Component:
    ./components/admin/AdminCourseManager.tsx
    ./app/dashboard/admin/courses/page.tsx @ http://localhost:3000/_next/static/chunks/node_modules_next_dist_0u_w_5s._.js:1945
[    2305ms] [ERROR] ./components/admin/AdminCourseManager.tsx:492:15
Expected '</', got '}'
  490 |                 </button>
  491 |               </li>
> 492 |             ))}
      |               ^
  493 |           </ul>
  494 |         </div>
  495 |

Parsing ecmascript source code failed

Import trace:
  Server Component:
    ./components/admin/AdminCourseManager.tsx
    ./app/dashboard/admin/courses/page.tsx @ http://localhost:3000/_next/static/chunks/node_modules_next_dist_0u_w_5s._.js:1945
[    2366ms] [ERROR] ./components/admin/AdminCourseManager.tsx:492:15
Expected '</', got '}'
  490 |                 </button>
  491 |               </li>
> 492 |             ))}
      |               ^
  493 |           </ul>
  494 |         </div>
  495 |

Parsing ecmascript source code failed

Import trace:
  Server Component:
    ./components/admin/AdminCourseManager.tsx
    ./app/dashboard/admin/courses/page.tsx @ http://localhost:3000/_next/static/chunks/node_modules_next_dist_0u_w_5s._.js:1945
[    2430ms] [ERROR] ./components/admin/AdminCourseManager.tsx:492:15
Expected '</', got '}'
  490 |                 </button>
  491 |               </li>
> 492 |             ))}
      |               ^
  493 |           </ul>
  494 |         </div>
  495 |

Parsing ecmascript source code failed

Import trace:
  Server Component:
    ./components/admin/AdminCourseManager.tsx
    ./app/dashboard/admin/courses/page.tsx @ http://localhost:3000/_next/static/chunks/node_modules_next_dist_0u_w_5s._.js:1945
[    2491ms] [ERROR] ./components/admin/AdminCourseManager.tsx:492:15
Expected '</', got '}'
  490 |                 </button>
  491 |               </li>
> 492 |             ))}
      |               ^
  493 |           </ul>
  494 |         </div>
  495 |

Parsing ecmascript source code failed

Import trace:
  Server Component:
    ./components/admin/AdminCourseManager.tsx
    ./app/dashboard/admin/courses/page.tsx @ http://localhost:3000/_next/static/chunks/node_modules_next_dist_0u_w_5s._.js:1945
[    2553ms] [ERROR] ./components/admin/AdminCourseManager.tsx:492:15
Expected '</', got '}'
  490 |                 </button>
  491 |               </li>
> 492 |             ))}
      |               ^
  493 |           </ul>
  494 |         </div>
  495 |

Parsing ecmascript source code failed

Import trace:
  Server Component:
    ./components/admin/AdminCourseManager.tsx
    ./app/dashboard/admin/courses/page.tsx @ http://localhost:3000/_next/static/chunks/node_modules_next_dist_0u_w_5s._.js:1945
[    2614ms] [ERROR] ./components/admin/AdminCourseManager.tsx:492:15
Expected '</', got '}'
  490 |                 </button>
  491 |               </li>
> 492 |             ))}
      |               ^
  493 |           </ul>
  494 |         </div>
  495 |

Parsing ecmascript source code failed

Import trace:
  Server Component:
    ./components/admin/AdminCourseManager.tsx
    ./app/dashboard/admin/courses/page.tsx @ http://localhost:3000/_next/static/chunks/node_modules_next_dist_0u_w_5s._.js:1945
[    2678ms] [ERROR] ./components/admin/AdminCourseManager.tsx:492:15
Expected '</', got '}'
  490 |                 </button>
  491 |               </li>
> 492 |             ))}
      |               ^
  493 |           </ul>
  494 |         </div>
  495 |

Parsing ecmascript source code failed

Import trace:
  Server Component:
    ./components/admin/AdminCourseManager.tsx
    ./app/dashboard/admin/courses/page.tsx @ http://localhost:3000/_next/static/chunks/node_modules_next_dist_0u_w_5s._.js:1945
[    2741ms] [ERROR] ./components/admin/AdminCourseManager.tsx:492:15
Expected '</', got '}'
  490 |                 </button>
  491 |               </li>
> 492 |             ))}
      |               ^
  493 |           </ul>
  494 |         </div>
  495 |

Parsing ecmascript source code failed

Import trace:
  Server Component:
    ./components/admin/AdminCourseManager.tsx
    ./app/dashboard/admin/courses/page.tsx @ http://localhost:3000/_next/static/chunks/node_modules_next_dist_0u_w_5s._.js:1945
[    2802ms] [ERROR] ./components/admin/AdminCourseManager.tsx:492:15
Expected '</', got '}'
  490 |                 </button>
  491 |               </li>
> 492 |             ))}
      |               ^
  493 |           </ul>
  494 |         </div>
  495 |

Parsing ecmascript source code failed

Import trace:
  Server Component:
    ./components/admin/AdminCourseManager.tsx
    ./app/dashboard/admin/courses/page.tsx @ http://localhost:3000/_next/static/chunks/node_modules_next_dist_0u_w_5s._.js:1945
[    2864ms] [ERROR] ./components/admin/AdminCourseManager.tsx:492:15
Expected '</', got '}'
  490 |                 </button>
  491 |               </li>
> 492 |             ))}
      |               ^
  493 |           </ul>
  494 |         </div>
  495 |

Parsing ecmascript source code failed

Import trace:
  Server Component:
    ./components/admin/AdminCourseManager.tsx
    ./app/dashboard/admin/courses/page.tsx @ http://localhost:3000/_next/static/chunks/node_modules_next_dist_0u_w_5s._.js:1945
[    2928ms] [ERROR] ./components/admin/AdminCourseManager.tsx:492:15
Expected '</', got '}'
  490 |                 </button>
  491 |               </li>
> 492 |             ))}
      |               ^
  493 |           </ul>
  494 |         </div>
  495 |

Parsing ecmascript source code failed

Import trace:
  Server Component:
    ./components/admin/AdminCourseManager.tsx
    ./app/dashboard/admin/courses/page.tsx @ http://localhost:3000/_next/static/chunks/node_modules_next_dist_0u_w_5s._.js:1945
[    2990ms] [ERROR] ./components/admin/AdminCourseManager.tsx:492:15
Expected '</', got '}'
  490 |                 </button>
  491 |               </li>
> 492 |             ))}
      |               ^
  493 |           </ul>
  494 |         </div>
  495 |

Parsing ecmascript source code failed

Import trace:
  Server Component:
    ./components/admin/AdminCourseManager.tsx
    ./app/dashboard/admin/courses/page.tsx @ http://localhost:3000/_next/static/chunks/node_modules_next_dist_0u_w_5s._.js:1945
[    3054ms] [ERROR] ./components/admin/AdminCourseManager.tsx:492:15
Expected '</', got '}'
  490 |                 </button>
  491 |               </li>
> 492 |             ))}
      |               ^
  493 |           </ul>
  494 |         </div>
  495 |

Parsing ecmascript source code failed

Import trace:
  Server Component:
    ./components/admin/AdminCourseManager.tsx
    ./app/dashboard/admin/courses/page.tsx @ http://localhost:3000/_next/static/chunks/node_modules_next_dist_0u_w_5s._.js:1945
[    3116ms] [ERROR] ./components/admin/AdminCourseManager.tsx:492:15
Expected '</', got '}'
  490 |                 </button>
  491 |               </li>
> 492 |             ))}
      |               ^
  493 |           </ul>
  494 |         </div>
  495 |

Parsing ecmascript source code failed

Import trace:
  Server Component:
    ./components/admin/AdminCourseManager.tsx
    ./app/dashboard/admin/courses/page.tsx @ http://localhost:3000/_next/static/chunks/node_modules_next_dist_0u_w_5s._.js:1945
[    3179ms] [ERROR] ./components/admin/AdminCourseManager.tsx:492:15
Expected '</', got '}'
  490 |                 </button>
  491 |               </li>
> 492 |             ))}
      |               ^
  493 |           </ul>
  494 |         </div>
  495 |

Parsing ecmascript source code failed

Import trace:
  Server Component:
    ./components/admin/AdminCourseManager.tsx
    ./app/dashboard/admin/courses/page.tsx @ http://localhost:3000/_next/static/chunks/node_modules_next_dist_0u_w_5s._.js:1945
[    3242ms] [ERROR] ./components/admin/AdminCourseManager.tsx:492:15
Expected '</', got '}'
  490 |                 </button>
  491 |               </li>
> 492 |             ))}
      |               ^
  493 |           </ul>
  494 |         </div>
  495 |

Parsing ecmascript source code failed

Import trace:
  Server Component:
    ./components/admin/AdminCourseManager.tsx
    ./app/dashboard/admin/courses/page.tsx @ http://localhost:3000/_next/static/chunks/node_modules_next_dist_0u_w_5s._.js:1945
[    3303ms] [ERROR] ./components/admin/AdminCourseManager.tsx:492:15
Expected '</', got '}'
  490 |                 </button>
  491 |               </li>
> 492 |             ))}
      |               ^
  493 |           </ul>
  494 |         </div>
  495 |

Parsing ecmascript source code failed

Import trace:
  Server Component:
    ./components/admin/AdminCourseManager.tsx
    ./app/dashboard/admin/courses/page.tsx @ http://localhost:3000/_next/static/chunks/node_modules_next_dist_0u_w_5s._.js:1945
[    3364ms] [ERROR] ./components/admin/AdminCourseManager.tsx:492:15
Expected '</', got '}'
  490 |                 </button>
  491 |               </li>
> 492 |             ))}
      |               ^
  493 |           </ul>
  494 |         </div>
  495 |

Parsing ecmascript source code failed

Import trace:
  Server Component:
    ./components/admin/AdminCourseManager.tsx
    ./app/dashboard/admin/courses/page.tsx @ http://localhost:3000/_next/static/chunks/node_modules_next_dist_0u_w_5s._.js:1945
[    3428ms] [ERROR] ./components/admin/AdminCourseManager.tsx:492:15
Expected '</', got '}'
  490 |                 </button>
  491 |               </li>
> 492 |             ))}
      |               ^
  493 |           </ul>
  494 |         </div>
  495 |

Parsing ecmascript source code failed

Import trace:
  Server Component:
    ./components/admin/AdminCourseManager.tsx
    ./app/dashboard/admin/courses/page.tsx @ http://localhost:3000/_next/static/chunks/node_modules_next_dist_0u_w_5s._.js:1945
[    3492ms] [ERROR] ./components/admin/AdminCourseManager.tsx:492:15
Expected '</', got '}'
  490 |                 </button>
  491 |               </li>
> 492 |             ))}
      |               ^
  493 |           </ul>
  494 |         </div>
  495 |

Parsing ecmascript source code failed

Import trace:
  Server Component:
    ./components/admin/AdminCourseManager.tsx
    ./app/dashboard/admin/courses/page.tsx @ http://localhost:3000/_next/static/chunks/node_modules_next_dist_0u_w_5s._.js:1945
[    3554ms] [ERROR] ./components/admin/AdminCourseManager.tsx:492:15
Expected '</', got '}'
  490 |                 </button>
  491 |               </li>
> 492 |             ))}
      |               ^
  493 |           </ul>
  494 |         </div>
  495 |

Parsing ecmascript source code failed

Import trace:
  Server Component:
    ./components/admin/AdminCourseManager.tsx
    ./app/dashboard/admin/courses/page.tsx @ http://localhost:3000/_next/static/chunks/node_modules_next_dist_0u_w_5s._.js:1945
[    3617ms] [ERROR] ./components/admin/AdminCourseManager.tsx:492:15
Expected '</', got '}'
  490 |                 </button>
  491 |               </li>
> 492 |             ))}
      |               ^
  493 |           </ul>
  494 |         </div>
  495 |

Parsing ecmascript source code failed

Import trace:
  Server Component:
    ./components/admin/AdminCourseManager.tsx
    ./app/dashboard/admin/courses/page.tsx @ http://localhost:3000/_next/static/chunks/node_modules_next_dist_0u_w_5s._.js:1945
[    3678ms] [ERROR] ./components/admin/AdminCourseManager.tsx:492:15
Expected '</', got '}'
  490 |                 </button>
  491 |               </li>
> 492 |             ))}
      |               ^
  493 |           </ul>
  494 |         </div>
  495 |

Parsing ecmascript source code failed

Import trace:
  Server Component:
    ./components/admin/AdminCourseManager.tsx
    ./app/dashboard/admin/courses/page.tsx @ http://localhost:3000/_next/static/chunks/node_modules_next_dist_0u_w_5s._.js:1945
[    3740ms] [ERROR] ./components/admin/AdminCourseManager.tsx:492:15
Expected '</', got '}'
  490 |                 </button>
  491 |               </li>
> 492 |             ))}
      |               ^
  493 |           </ul>
  494 |         </div>
  495 |

Parsing ecmascript source code failed

Import trace:
  Server Component:
    ./components/admin/AdminCourseManager.tsx
    ./app/dashboard/admin/courses/page.tsx @ http://localhost:3000/_next/static/chunks/node_modules_next_dist_0u_w_5s._.js:1945
[    3802ms] [ERROR] ./components/admin/AdminCourseManager.tsx:492:15
Expected '</', got '}'
  490 |                 </button>
  491 |               </li>
> 492 |             ))}
      |               ^
  493 |           </ul>
  494 |         </div>
  495 |

Parsing ecmascript source code failed

Import trace:
  Server Component:
    ./components/admin/AdminCourseManager.tsx
    ./app/dashboard/admin/courses/page.tsx @ http://localhost:3000/_next/static/chunks/node_modules_next_dist_0u_w_5s._.js:1945
[    3864ms] [ERROR] ./components/admin/AdminCourseManager.tsx:492:15
Expected '</', got '}'
  490 |                 </button>
  491 |               </li>
> 492 |             ))}
      |               ^
  493 |           </ul>
  494 |         </div>
  495 |

Parsing ecmascript source code failed

Import trace:
  Server Component:
    ./components/admin/AdminCourseManager.tsx
    ./app/dashboard/admin/courses/page.tsx @ http://localhost:3000/_next/static/chunks/node_modules_next_dist_0u_w_5s._.js:1945
[    3928ms] [ERROR] ./components/admin/AdminCourseManager.tsx:492:15
Expected '</', got '}'
  490 |                 </button>
  491 |               </li>
> 492 |             ))}
      |               ^
  493 |           </ul>
  494 |         </div>
  495 |

Parsing ecmascript source code failed

Import trace:
  Server Component:
    ./components/admin/AdminCourseManager.tsx
    ./app/dashboard/admin/courses/page.tsx @ http://localhost:3000/_next/static/chunks/node_modules_next_dist_0u_w_5s._.js:1945
[    3989ms] [ERROR] ./components/admin/AdminCourseManager.tsx:492:15
Expected '</', got '}'
  490 |                 </button>
  491 |               </li>
> 492 |             ))}
      |               ^
  493 |           </ul>
  494 |         </div>
  495 |

Parsing ecmascript source code failed

Import trace:
  Server Component:
    ./components/admin/AdminCourseManager.tsx
    ./app/dashboard/admin/courses/page.tsx @ http://localhost:3000/_next/static/chunks/node_modules_next_dist_0u_w_5s._.js:1945
[    4053ms] [ERROR] ./components/admin/AdminCourseManager.tsx:492:15
Expected '</', got '}'
  490 |                 </button>
  491 |               </li>
> 492 |             ))}
      |               ^
  493 |           </ul>
  494 |         </div>
  495 |

Parsing ecmascript source code failed

Import trace:
  Server Component:
    ./components/admin/AdminCourseManager.tsx
    ./app/dashboard/admin/courses/page.tsx @ http://localhost:3000/_next/static/chunks/node_modules_next_dist_0u_w_5s._.js:1945
[    4115ms] [ERROR] ./components/admin/AdminCourseManager.tsx:492:15
Expected '</', got '}'
  490 |                 </button>
  491 |               </li>
> 492 |             ))}
      |               ^
  493 |           </ul>
  494 |         </div>
  495 |

Parsing ecmascript source code failed

Import trace:
  Server Component:
    ./components/admin/AdminCourseManager.tsx
    ./app/dashboard/admin/courses/page.tsx @ http://localhost:3000/_next/static/chunks/node_modules_next_dist_0u_w_5s._.js:1945
[    4178ms] [ERROR] ./components/admin/AdminCourseManager.tsx:492:15
Expected '</', got '}'
  490 |                 </button>
  491 |               </li>
> 492 |             ))}
      |               ^
  493 |           </ul>
  494 |         </div>
  495 |

Parsing ecmascript source code failed

Import trace:
  Server Component:
    ./components/admin/AdminCourseManager.tsx
    ./app/dashboard/admin/courses/page.tsx @ http://localhost:3000/_next/static/chunks/node_modules_next_dist_0u_w_5s._.js:1945
[    4242ms] [ERROR] ./components/admin/AdminCourseManager.tsx:492:15
Expected '</', got '}'
  490 |                 </button>
  491 |               </li>
> 492 |             ))}
      |               ^
  493 |           </ul>
  494 |         </div>
  495 |

Parsing ecmascript source code failed

Import trace:
  Server Component:
    ./components/admin/AdminCourseManager.tsx
    ./app/dashboard/admin/courses/page.tsx @ http://localhost:3000/_next/static/chunks/node_modules_next_dist_0u_w_5s._.js:1945
[    4303ms] [ERROR] ./components/admin/AdminCourseManager.tsx:492:15
Expected '</', got '}'
  490 |                 </button>
  491 |               </li>
> 492 |             ))}
      |               ^
  493 |           </ul>
  494 |         </div>
  495 |

Parsing ecmascript source code failed

Import trace:
  Server Component:
    ./components/admin/AdminCourseManager.tsx
    ./app/dashboard/admin/courses/page.tsx @ http://localhost:3000/_next/static/chunks/node_modules_next_dist_0u_w_5s._.js:1945
[    4365ms] [ERROR] ./components/admin/AdminCourseManager.tsx:492:15
Expected '</', got '}'
  490 |                 </button>
  491 |               </li>
> 492 |             ))}
      |               ^
  493 |           </ul>
  494 |         </div>
  495 |

Parsing ecmascript source code failed

Import trace:
  Server Component:
    ./components/admin/AdminCourseManager.tsx
    ./app/dashboard/admin/courses/page.tsx @ http://localhost:3000/_next/static/chunks/node_modules_next_dist_0u_w_5s._.js:1945
[    4430ms] [ERROR] ./components/admin/AdminCourseManager.tsx:492:15
Expected '</', got '}'
  490 |                 </button>
  491 |               </li>
> 492 |             ))}
      |               ^
  493 |           </ul>
  494 |         </div>
  495 |

Parsing ecmascript source code failed

Import trace:
  Server Component:
    ./components/admin/AdminCourseManager.tsx
    ./app/dashboard/admin/courses/page.tsx @ http://localhost:3000/_next/static/chunks/node_modules_next_dist_0u_w_5s._.js:1945
[    4491ms] [ERROR] ./components/admin/AdminCourseManager.tsx:492:15
Expected '</', got '}'
  490 |                 </button>
  491 |               </li>
> 492 |             ))}
      |               ^
  493 |           </ul>
  494 |         </div>
  495 |

Parsing ecmascript source code failed

Import trace:
  Server Component:
    ./components/admin/AdminCourseManager.tsx
    ./app/dashboard/admin/courses/page.tsx @ http://localhost:3000/_next/static/chunks/node_modules_next_dist_0u_w_5s._.js:1945
[    4553ms] [ERROR] ./components/admin/AdminCourseManager.tsx:492:15
Expected '</', got '}'
  490 |                 </button>
  491 |               </li>
> 492 |             ))}
      |               ^
  493 |           </ul>
  494 |         </div>
  495 |

Parsing ecmascript source code failed

Import trace:
  Server Component:
    ./components/admin/AdminCourseManager.tsx
    ./app/dashboard/admin/courses/page.tsx @ http://localhost:3000/_next/static/chunks/node_modules_next_dist_0u_w_5s._.js:1945
[    4614ms] [ERROR] ./components/admin/AdminCourseManager.tsx:492:15
Expected '</', got '}'
  490 |                 </button>
  491 |               </li>
> 492 |             ))}
      |               ^
  493 |           </ul>
  494 |         </div>
  495 |

Parsing ecmascript source code failed

Import trace:
  Server Component:
    ./components/admin/AdminCourseManager.tsx
    ./app/dashboard/admin/courses/page.tsx @ http://localhost:3000/_next/static/chunks/node_modules_next_dist_0u_w_5s._.js:1945
[    4677ms] [ERROR] ./components/admin/AdminCourseManager.tsx:492:15
Expected '</', got '}'
  490 |                 </button>
  491 |               </li>
> 492 |             ))}
      |               ^
  493 |           </ul>
  494 |         </div>
  495 |

Parsing ecmascript source code failed

Import trace:
  Server Component:
    ./components/admin/AdminCourseManager.tsx
    ./app/dashboard/admin/courses/page.tsx @ http://localhost:3000/_next/static/chunks/node_modules_next_dist_0u_w_5s._.js:1945
[    4739ms] [ERROR] ./components/admin/AdminCourseManager.tsx:492:15
Expected '</', got '}'
  490 |                 </button>
  491 |               </li>
> 492 |             ))}
      |               ^
  493 |           </ul>
  494 |         </div>
  495 |

Parsing ecmascript source code failed

Import trace:
  Server Component:
    ./components/admin/AdminCourseManager.tsx
    ./app/dashboard/admin/courses/page.tsx @ http://localhost:3000/_next/static/chunks/node_modules_next_dist_0u_w_5s._.js:1945
[    4802ms] [ERROR] ./components/admin/AdminCourseManager.tsx:492:15
Expected '</', got '}'
  490 |                 </button>
  491 |               </li>
> 492 |             ))}
      |               ^
  493 |           </ul>
  494 |         </div>
  495 |

Parsing ecmascript source code failed

Import trace:
  Server Component:
    ./components/admin/AdminCourseManager.tsx
    ./app/dashboard/admin/courses/page.tsx @ http://localhost:3000/_next/static/chunks/node_modules_next_dist_0u_w_5s._.js:1945
[    4865ms] [ERROR] ./components/admin/AdminCourseManager.tsx:492:15
Expected '</', got '}'
  490 |                 </button>
  491 |               </li>
> 492 |             ))}
      |               ^
  493 |           </ul>
  494 |         </div>
  495 |

Parsing ecmascript source code failed

Import trace:
  Server Component:
    ./components/admin/AdminCourseManager.tsx
    ./app/dashboard/admin/courses/page.tsx @ http://localhost:3000/_next/static/chunks/node_modules_next_dist_0u_w_5s._.js:1945
[    4927ms] [ERROR] ./components/admin/AdminCourseManager.tsx:492:15
Expected '</', got '}'
  490 |                 </button>
  491 |               </li>
> 492 |             ))}
      |               ^
  493 |           </ul>
  494 |         </div>
  495 |

Parsing ecmascript source code failed

Import trace:
  Server Component:
    ./components/admin/AdminCourseManager.tsx
    ./app/dashboard/admin/courses/page.tsx @ http://localhost:3000/_next/static/chunks/node_modules_next_dist_0u_w_5s._.js:1945
[    4991ms] [ERROR] ./components/admin/AdminCourseManager.tsx:492:15
Expected '</', got '}'
  490 |                 </button>
  491 |               </li>
> 492 |             ))}
      |               ^
  493 |           </ul>
  494 |         </div>
  495 |

Parsing ecmascript source code failed

Import trace:
  Server Component:
    ./components/admin/AdminCourseManager.tsx
    ./app/dashboard/admin/courses/page.tsx @ http://localhost:3000/_next/static/chunks/node_modules_next_dist_0u_w_5s._.js:1945
[    5053ms] [ERROR] ./components/admin/AdminCourseManager.tsx:492:15
Expected '</', got '}'
  490 |                 </button>
  491 |               </li>
> 492 |             ))}
      |               ^
  493 |           </ul>
  494 |         </div>
  495 |

Parsing ecmascript source code failed

Import trace:
  Server Component:
    ./components/admin/AdminCourseManager.tsx
    ./app/dashboard/admin/courses/page.tsx @ http://localhost:3000/_next/static/chunks/node_modules_next_dist_0u_w_5s._.js:1945
[    5116ms] [ERROR] ./components/admin/AdminCourseManager.tsx:492:15
Expected '</', got '}'
  490 |                 </button>
  491 |               </li>
> 492 |             ))}
      |               ^
  493 |           </ul>
  494 |         </div>
  495 |

Parsing ecmascript source code failed

Import trace:
  Server Component:
    ./components/admin/AdminCourseManager.tsx
    ./app/dashboard/admin/courses/page.tsx @ http://localhost:3000/_next/static/chunks/node_modules_next_dist_0u_w_5s._.js:1945
[    5180ms] [ERROR] ./components/admin/AdminCourseManager.tsx:492:15
Expected '</', got '}'
  490 |                 </button>
  491 |               </li>
> 492 |             ))}
      |               ^
  493 |           </ul>
  494 |         </div>
  495 |

Parsing ecmascript source code failed

Import trace:
  Server Component:
    ./components/admin/AdminCourseManager.tsx
    ./app/dashboard/admin/courses/page.tsx @ http://localhost:3000/_next/static/chunks/node_modules_next_dist_0u_w_5s._.js:1945
[    5243ms] [ERROR] ./components/admin/AdminCourseManager.tsx:492:15
Expected '</', got '}'
  490 |                 </button>
  491 |               </li>
> 492 |             ))}
      |               ^
  493 |           </ul>
  494 |         </div>
  495 |

Parsing ecmascript source code failed

Import trace:
  Server Component:
    ./components/admin/AdminCourseManager.tsx
    ./app/dashboard/admin/courses/page.tsx @ http://localhost:3000/_next/static/chunks/node_modules_next_dist_0u_w_5s._.js:1945
[    5306ms] [ERROR] ./components/admin/AdminCourseManager.tsx:492:15
Expected '</', got '}'
  490 |                 </button>
  491 |               </li>
> 492 |             ))}
      |               ^
  493 |           </ul>
  494 |         </div>
  495 |

Parsing ecmascript source code failed

Import trace:
  Server Component:
    ./components/admin/AdminCourseManager.tsx
    ./app/dashboard/admin/courses/page.tsx @ http://localhost:3000/_next/static/chunks/node_modules_next_dist_0u_w_5s._.js:1945
[    5408ms] [ERROR] ./components/admin/AdminCourseManager.tsx:492:15
Expected '</', got '}'
  490 |                 </button>
  491 |               </li>
> 492 |             ))}
      |               ^
  493 |           </ul>
  494 |         </div>
  495 |

Parsing ecmascript source code failed

Import trace:
  Server Component:
    ./components/admin/AdminCourseManager.tsx
    ./app/dashboard/admin/courses/page.tsx @ http://localhost:3000/_next/static/chunks/node_modules_next_dist_0u_w_5s._.js:1945
[    5464ms] [ERROR] ./components/admin/AdminCourseManager.tsx:492:15
Expected '</', got '}'
  490 |                 </button>
  491 |               </li>
> 492 |             ))}
      |               ^
  493 |           </ul>
  494 |         </div>
  495 |

Parsing ecmascript source code failed

Import trace:
  Server Component:
    ./components/admin/AdminCourseManager.tsx
    ./app/dashboard/admin/courses/page.tsx @ http://localhost:3000/_next/static/chunks/node_modules_next_dist_0u_w_5s._.js:1945
[    5527ms] [ERROR] ./components/admin/AdminCourseManager.tsx:492:15
Expected '</', got '}'
  490 |                 </button>
  491 |               </li>
> 492 |             ))}
      |               ^
  493 |           </ul>
  494 |         </div>
  495 |

Parsing ecmascript source code failed

Import trace:
  Server Component:
    ./components/admin/AdminCourseManager.tsx
    ./app/dashboard/admin/courses/page.tsx @ http://localhost:3000/_next/static/chunks/node_modules_next_dist_0u_w_5s._.js:1945
[    5589ms] [ERROR] ./components/admin/AdminCourseManager.tsx:492:15
Expected '</', got '}'
  490 |                 </button>
  491 |               </li>
> 492 |             ))}
      |               ^
  493 |           </ul>
  494 |         </div>
  495 |

Parsing ecmascript source code failed

Import trace:
  Server Component:
    ./components/admin/AdminCourseManager.tsx
    ./app/dashboard/admin/courses/page.tsx @ http://localhost:3000/_next/static/chunks/node_modules_next_dist_0u_w_5s._.js:1945
[    5651ms] [ERROR] ./components/admin/AdminCourseManager.tsx:492:15
Expected '</', got '}'
  490 |                 </button>
  491 |               </li>
> 492 |             ))}
      |               ^
  493 |           </ul>
  494 |         </div>
  495 |

Parsing ecmascript source code failed

Import trace:
  Server Component:
    ./components/admin/AdminCourseManager.tsx
    ./app/dashboard/admin/courses/page.tsx @ http://localhost:3000/_next/static/chunks/node_modules_next_dist_0u_w_5s._.js:1945
[    5713ms] [ERROR] ./components/admin/AdminCourseManager.tsx:492:15
Expected '</', got '}'
  490 |                 </button>
  491 |               </li>
> 492 |             ))}
      |               ^
  493 |           </ul>
  494 |         </div>
  495 |

Parsing ecmascript source code failed

Import trace:
  Server Component:
    ./components/admin/AdminCourseManager.tsx
    ./app/dashboard/admin/courses/page.tsx @ http://localhost:3000/_next/static/chunks/node_modules_next_dist_0u_w_5s._.js:1945
[    5775ms] [ERROR] ./components/admin/AdminCourseManager.tsx:492:15
Expected '</', got '}'
  490 |                 </button>
  491 |               </li>
> 492 |             ))}
      |               ^
  493 |           </ul>
  494 |         </div>
  495 |

Parsing ecmascript source code failed

Import trace:
  Server Component:
    ./components/admin/AdminCourseManager.tsx
    ./app/dashboard/admin/courses/page.tsx @ http://localhost:3000/_next/static/chunks/node_modules_next_dist_0u_w_5s._.js:1945
[    5837ms] [ERROR] ./components/admin/AdminCourseManager.tsx:492:15
Expected '</', got '}'
  490 |                 </button>
  491 |               </li>
> 492 |             ))}
      |               ^
  493 |           </ul>
  494 |         </div>
  495 |

Parsing ecmascript source code failed

Import trace:
  Server Component:
    ./components/admin/AdminCourseManager.tsx
    ./app/dashboard/admin/courses/page.tsx @ http://localhost:3000/_next/static/chunks/node_modules_next_dist_0u_w_5s._.js:1945
[    5901ms] [ERROR] ./components/admin/AdminCourseManager.tsx:492:15
Expected '</', got '}'
  490 |                 </button>
  491 |               </li>
> 492 |             ))}
      |               ^
  493 |           </ul>
  494 |         </div>
  495 |

Parsing ecmascript source code failed

Import trace:
  Server Component:
    ./components/admin/AdminCourseManager.tsx
    ./app/dashboard/admin/courses/page.tsx @ http://localhost:3000/_next/static/chunks/node_modules_next_dist_0u_w_5s._.js:1945
[    5963ms] [ERROR] ./components/admin/AdminCourseManager.tsx:492:15
Expected '</', got '}'
  490 |                 </button>
  491 |               </li>
> 492 |             ))}
      |               ^
  493 |           </ul>
  494 |         </div>
  495 |

Parsing ecmascript source code failed

Import trace:
  Server Component:
    ./components/admin/AdminCourseManager.tsx
    ./app/dashboard/admin/courses/page.tsx @ http://localhost:3000/_next/static/chunks/node_modules_next_dist_0u_w_5s._.js:1945
[    6027ms] [ERROR] ./components/admin/AdminCourseManager.tsx:492:15
Expected '</', got '}'
  490 |                 </button>
  491 |               </li>
> 492 |             ))}
      |               ^
  493 |           </ul>
  494 |         </div>
  495 |

Parsing ecmascript source code failed

Import trace:
  Server Component:
    ./components/admin/AdminCourseManager.tsx
    ./app/dashboard/admin/courses/page.tsx @ http://localhost:3000/_next/static/chunks/node_modules_next_dist_0u_w_5s._.js:1945
[    6089ms] [ERROR] ./components/admin/AdminCourseManager.tsx:492:15
Expected '</', got '}'
  490 |                 </button>
  491 |               </li>
> 492 |             ))}
      |               ^
  493 |           </ul>
  494 |         </div>
  495 |

Parsing ecmascript source code failed

Import trace:
  Server Component:
    ./components/admin/AdminCourseManager.tsx
    ./app/dashboard/admin/courses/page.tsx @ http://localhost:3000/_next/static/chunks/node_modules_next_dist_0u_w_5s._.js:1945
[    6152ms] [ERROR] ./components/admin/AdminCourseManager.tsx:492:15
Expected '</', got '}'
  490 |                 </button>
  491 |               </li>
> 492 |             ))}
      |               ^
  493 |           </ul>
  494 |         </div>
  495 |

Parsing ecmascript source code failed

Import trace:
  Server Component:
    ./components/admin/AdminCourseManager.tsx
    ./app/dashboard/admin/courses/page.tsx @ http://localhost:3000/_next/static/chunks/node_modules_next_dist_0u_w_5s._.js:1945
[    6214ms] [ERROR] ./components/admin/AdminCourseManager.tsx:492:15
Expected '</', got '}'
  490 |                 </button>
  491 |               </li>
> 492 |             ))}
      |               ^
  493 |           </ul>
  494 |         </div>
  495 |

Parsing ecmascript source code failed

Import trace:
  Server Component:
    ./components/admin/AdminCourseManager.tsx
    ./app/dashboard/admin/courses/page.tsx @ http://localhost:3000/_next/static/chunks/node_modules_next_dist_0u_w_5s._.js:1945
[    6277ms] [ERROR] ./components/admin/AdminCourseManager.tsx:492:15
Expected '</', got '}'
  490 |                 </button>
  491 |               </li>
> 492 |             ))}
      |               ^
  493 |           </ul>
  494 |         </div>
  495 |

Parsing ecmascript source code failed

Import trace:
  Server Component:
    ./components/admin/AdminCourseManager.tsx
    ./app/dashboard/admin/courses/page.tsx @ http://localhost:3000/_next/static/chunks/node_modules_next_dist_0u_w_5s._.js:1945
[    6339ms] [ERROR] ./components/admin/AdminCourseManager.tsx:492:15
Expected '</', got '}'
  490 |                 </button>
  491 |               </li>
> 492 |             ))}
      |               ^
  493 |           </ul>
  494 |         </div>
  495 |

Parsing ecmascript source code failed

Import trace:
  Server Component:
    ./components/admin/AdminCourseManager.tsx
    ./app/dashboard/admin/courses/page.tsx @ http://localhost:3000/_next/static/chunks/node_modules_next_dist_0u_w_5s._.js:1945
[    6402ms] [ERROR] ./components/admin/AdminCourseManager.tsx:492:15
Expected '</', got '}'
  490 |                 </button>
  491 |               </li>
> 492 |             ))}
      |               ^
  493 |           </ul>
  494 |         </div>
  495 |

Parsing ecmascript source code failed

Import trace:
  Server Component:
    ./components/admin/AdminCourseManager.tsx
    ./app/dashboard/admin/courses/page.tsx @ http://localhost:3000/_next/static/chunks/node_modules_next_dist_0u_w_5s._.js:1945
[    6465ms] [ERROR] ./components/admin/AdminCourseManager.tsx:492:15
Expected '</', got '}'
  490 |                 </button>
  491 |               </li>
> 492 |             ))}
      |               ^
  493 |           </ul>
  494 |         </div>
  495 |

Parsing ecmascript source code failed

Import trace:
  Server Component:
    ./components/admin/AdminCourseManager.tsx
    ./app/dashboard/admin/courses/page.tsx @ http://localhost:3000/_next/static/chunks/node_modules_next_dist_0u_w_5s._.js:1945
[    6527ms] [ERROR] ./components/admin/AdminCourseManager.tsx:492:15
Expected '</', got '}'
  490 |                 </button>
  491 |               </li>
> 492 |             ))}
      |               ^
  493 |           </ul>
  494 |         </div>
  495 |

Parsing ecmascript source code failed

Import trace:
  Server Component:
    ./components/admin/AdminCourseManager.tsx
    ./app/dashboard/admin/courses/page.tsx @ http://localhost:3000/_next/static/chunks/node_modules_next_dist_0u_w_5s._.js:1945
[    6588ms] [ERROR] ./components/admin/AdminCourseManager.tsx:492:15
Expected '</', got '}'
  490 |                 </button>
  491 |               </li>
> 492 |             ))}
      |               ^
  493 |           </ul>
  494 |         </div>
  495 |

Parsing ecmascript source code failed

Import trace:
  Server Component:
    ./components/admin/AdminCourseManager.tsx
    ./app/dashboard/admin/courses/page.tsx @ http://localhost:3000/_next/static/chunks/node_modules_next_dist_0u_w_5s._.js:1945
[    6650ms] [ERROR] ./components/admin/AdminCourseManager.tsx:492:15
Expected '</', got '}'
  490 |                 </button>
  491 |               </li>
> 492 |             ))}
      |               ^
  493 |           </ul>
  494 |         </div>
  495 |

Parsing ecmascript source code failed

Import trace:
  Server Component:
    ./components/admin/AdminCourseManager.tsx
    ./app/dashboard/admin/courses/page.tsx @ http://localhost:3000/_next/static/chunks/node_modules_next_dist_0u_w_5s._.js:1945
[    6712ms] [ERROR] ./components/admin/AdminCourseManager.tsx:492:15
Expected '</', got '}'
  490 |                 </button>
  491 |               </li>
> 492 |             ))}
      |               ^
  493 |           </ul>
  494 |         </div>
  495 |

Parsing ecmascript source code failed

Import trace:
  Server Component:
    ./components/admin/AdminCourseManager.tsx
    ./app/dashboard/admin/courses/page.tsx @ http://localhost:3000/_next/static/chunks/node_modules_next_dist_0u_w_5s._.js:1945
[    6777ms] [ERROR] ./components/admin/AdminCourseManager.tsx:492:15
Expected '</', got '}'
  490 |                 </button>
  491 |               </li>
> 492 |             ))}
      |               ^
  493 |           </ul>
  494 |         </div>
  495 |

Parsing ecmascript source code failed

Import trace:
  Server Component:
    ./components/admin/AdminCourseManager.tsx
    ./app/dashboard/admin/courses/page.tsx @ http://localhost:3000/_next/static/chunks/node_modules_next_dist_0u_w_5s._.js:1945
[    6838ms] [ERROR] ./components/admin/AdminCourseManager.tsx:492:15
Expected '</', got '}'
  490 |                 </button>
  491 |               </li>
> 492 |             ))}
      |               ^
  493 |           </ul>
  494 |         </div>
  495 |

Parsing ecmascript source code failed

Import trace:
  Server Component:
    ./components/admin/AdminCourseManager.tsx
    ./app/dashboard/admin/courses/page.tsx @ http://localhost:3000/_next/static/chunks/node_modules_next_dist_0u_w_5s._.js:1945
[    6900ms] [ERROR] ./components/admin/AdminCourseManager.tsx:492:15
Expected '</', got '}'
  490 |                 </button>
  491 |               </li>
> 492 |             ))}
      |               ^
  493 |           </ul>
  494 |         </div>
  495 |

Parsing ecmascript source code failed

Import trace:
  Server Component:
    ./components/admin/AdminCourseManager.tsx
    ./app/dashboard/admin/courses/page.tsx @ http://localhost:3000/_next/static/chunks/node_modules_next_dist_0u_w_5s._.js:1945
[    6964ms] [ERROR] ./components/admin/AdminCourseManager.tsx:492:15
Expected '</', got '}'
  490 |                 </button>
  491 |               </li>
> 492 |             ))}
      |               ^
  493 |           </ul>
  494 |         </div>
  495 |

Parsing ecmascript source code failed

Import trace:
  Server Component:
    ./components/admin/AdminCourseManager.tsx
    ./app/dashboard/admin/courses/page.tsx @ http://localhost:3000/_next/static/chunks/node_modules_next_dist_0u_w_5s._.js:1945
[    7027ms] [ERROR] ./components/admin/AdminCourseManager.tsx:492:15
Expected '</', got '}'
  490 |                 </button>
  491 |               </li>
> 492 |             ))}
      |               ^
  493 |           </ul>
  494 |         </div>
  495 |

Parsing ecmascript source code failed

Import trace:
  Server Component:
    ./components/admin/AdminCourseManager.tsx
    ./app/dashboard/admin/courses/page.tsx @ http://localhost:3000/_next/static/chunks/node_modules_next_dist_0u_w_5s._.js:1945
[    7088ms] [ERROR] ./components/admin/AdminCourseManager.tsx:492:15
Expected '</', got '}'
  490 |                 </button>
  491 |               </li>
> 492 |             ))}
      |               ^
  493 |           </ul>
  494 |         </div>
  495 |

Parsing ecmascript source code failed

Import trace:
  Server Component:
    ./components/admin/AdminCourseManager.tsx
    ./app/dashboard/admin/courses/page.tsx @ http://localhost:3000/_next/static/chunks/node_modules_next_dist_0u_w_5s._.js:1945
[    7150ms] [ERROR] ./components/admin/AdminCourseManager.tsx:492:15
Expected '</', got '}'
  490 |                 </button>
  491 |               </li>
> 492 |             ))}
      |               ^
  493 |           </ul>
  494 |         </div>
  495 |

Parsing ecmascript source code failed

Import trace:
  Server Component:
    ./components/admin/AdminCourseManager.tsx
    ./app/dashboard/admin/courses/page.tsx @ http://localhost:3000/_next/static/chunks/node_modules_next_dist_0u_w_5s._.js:1945
[    7213ms] [ERROR] ./components/admin/AdminCourseManager.tsx:492:15
Expected '</', got '}'
  490 |                 </button>
  491 |               </li>
> 492 |             ))}
      |               ^
  493 |           </ul>
  494 |         </div>
  495 |

Parsing ecmascript source code failed

Import trace:
  Server Component:
    ./components/admin/AdminCourseManager.tsx
    ./app/dashboard/admin/courses/page.tsx @ http://localhost:3000/_next/static/chunks/node_modules_next_dist_0u_w_5s._.js:1945
[    7276ms] [ERROR] ./components/admin/AdminCourseManager.tsx:492:15
Expected '</', got '}'
  490 |                 </button>
  491 |               </li>
> 492 |             ))}
      |               ^
  493 |           </ul>
  494 |         </div>
  495 |

Parsing ecmascript source code failed

Import trace:
  Server Component:
    ./components/admin/AdminCourseManager.tsx
    ./app/dashboard/admin/courses/page.tsx @ http://localhost:3000/_next/static/chunks/node_modules_next_dist_0u_w_5s._.js:1945
[    7339ms] [ERROR] ./components/admin/AdminCourseManager.tsx:492:15
Expected '</', got '}'
  490 |                 </button>
  491 |               </li>
> 492 |             ))}
      |               ^
  493 |           </ul>
  494 |         </div>
  495 |

Parsing ecmascript source code failed

Import trace:
  Server Component:
    ./components/admin/AdminCourseManager.tsx
    ./app/dashboard/admin/courses/page.tsx @ http://localhost:3000/_next/static/chunks/node_modules_next_dist_0u_w_5s._.js:1945
[    7490ms] [ERROR] ./components/admin/AdminCourseManager.tsx:492:15
Expected '</', got '}'
  490 |                 </button>
  491 |               </li>
> 492 |             ))}
      |               ^
  493 |           </ul>
  494 |         </div>
  495 |

Parsing ecmascript source code failed

Import trace:
  Server Component:
    ./components/admin/AdminCourseManager.tsx
    ./app/dashboard/admin/courses/page.tsx @ http://localhost:3000/_next/static/chunks/node_modules_next_dist_0u_w_5s._.js:1945
[    7561ms] [ERROR] ./components/admin/AdminCourseManager.tsx:492:15
Expected '</', got '}'
  490 |                 </button>
  491 |               </li>
> 492 |             ))}
      |               ^
  493 |           </ul>
  494 |         </div>
  495 |

Parsing ecmascript source code failed

Import trace:
  Server Component:
    ./components/admin/AdminCourseManager.tsx
    ./app/dashboard/admin/courses/page.tsx @ http://localhost:3000/_next/static/chunks/node_modules_next_dist_0u_w_5s._.js:1945
[    7621ms] [ERROR] ./components/admin/AdminCourseManager.tsx:492:15
Expected '</', got '}'
  490 |                 </button>
  491 |               </li>
> 492 |             ))}
      |               ^
  493 |           </ul>
  494 |         </div>
  495 |

Parsing ecmascript source code failed

Import trace:
  Server Component:
    ./components/admin/AdminCourseManager.tsx
    ./app/dashboard/admin/courses/page.tsx @ http://localhost:3000/_next/static/chunks/node_modules_next_dist_0u_w_5s._.js:1945
[    7684ms] [ERROR] ./components/admin/AdminCourseManager.tsx:492:15
Expected '</', got '}'
  490 |                 </button>
  491 |               </li>
> 492 |             ))}
      |               ^
  493 |           </ul>
  494 |         </div>
  495 |

Parsing ecmascript source code failed

Import trace:
  Server Component:
    ./components/admin/AdminCourseManager.tsx
    ./app/dashboard/admin/courses/page.tsx @ http://localhost:3000/_next/static/chunks/node_modules_next_dist_0u_w_5s._.js:1945
[    7747ms] [ERROR] ./components/admin/AdminCourseManager.tsx:492:15
Expected '</', got '}'
  490 |                 </button>
  491 |               </li>
> 492 |             ))}
      |               ^
  493 |           </ul>
  494 |         </div>
  495 |

Parsing ecmascript source code failed

Import trace:
  Server Component:
    ./components/admin/AdminCourseManager.tsx
    ./app/dashboard/admin/courses/page.tsx @ http://localhost:3000/_next/static/chunks/node_modules_next_dist_0u_w_5s._.js:1945
[    7810ms] [ERROR] ./components/admin/AdminCourseManager.tsx:492:15
Expected '</', got '}'
  490 |                 </button>
  491 |               </li>
> 492 |             ))}
      |               ^
  493 |           </ul>
  494 |         </div>
  495 |

Parsing ecmascript source code failed

Import trace:
  Server Component:
    ./components/admin/AdminCourseManager.tsx
    ./app/dashboard/admin/courses/page.tsx @ http://localhost:3000/_next/static/chunks/node_modules_next_dist_0u_w_5s._.js:1945
[    7871ms] [ERROR] ./components/admin/AdminCourseManager.tsx:492:15
Expected '</', got '}'
  490 |                 </button>
  491 |               </li>
> 492 |             ))}
      |               ^
  493 |           </ul>
  494 |         </div>
  495 |

Parsing ecmascript source code failed

Import trace:
  Server Component:
    ./components/admin/AdminCourseManager.tsx
    ./app/dashboard/admin/courses/page.tsx @ http://localhost:3000/_next/static/chunks/node_modules_next_dist_0u_w_5s._.js:1945
[    7932ms] [ERROR] ./components/admin/AdminCourseManager.tsx:492:15
Expected '</', got '}'
  490 |                 </button>
  491 |               </li>
> 492 |             ))}
      |               ^
  493 |           </ul>
  494 |         </div>
  495 |

Parsing ecmascript source code failed

Import trace:
  Server Component:
    ./components/admin/AdminCourseManager.tsx
    ./app/dashboard/admin/courses/page.tsx @ http://localhost:3000/_next/static/chunks/node_modules_next_dist_0u_w_5s._.js:1945
[    7995ms] [ERROR] ./components/admin/AdminCourseManager.tsx:492:15
Expected '</', got '}'
  490 |                 </button>
  491 |               </li>
> 492 |             ))}
      |               ^
  493 |           </ul>
  494 |         </div>
  495 |

Parsing ecmascript source code failed

Import trace:
  Server Component:
    ./components/admin/AdminCourseManager.tsx
    ./app/dashboard/admin/courses/page.tsx @ http://localhost:3000/_next/static/chunks/node_modules_next_dist_0u_w_5s._.js:1945
[    8057ms] [ERROR] ./components/admin/AdminCourseManager.tsx:492:15
Expected '</', got '}'
  490 |                 </button>
  491 |               </li>
> 492 |             ))}
      |               ^
  493 |           </ul>
  494 |         </div>
  495 |

Parsing ecmascript source code failed

Import trace:
  Server Component:
    ./components/admin/AdminCourseManager.tsx
    ./app/dashboard/admin/courses/page.tsx @ http://localhost:3000/_next/static/chunks/node_modules_next_dist_0u_w_5s._.js:1945
[    8119ms] [ERROR] ./components/admin/AdminCourseManager.tsx:492:15
Expected '</', got '}'
  490 |                 </button>
  491 |               </li>
> 492 |             ))}
      |               ^
  493 |           </ul>
  494 |         </div>
  495 |

Parsing ecmascript source code failed

Import trace:
  Server Component:
    ./components/admin/AdminCourseManager.tsx
    ./app/dashboard/admin/courses/page.tsx @ http://localhost:3000/_next/static/chunks/node_modules_next_dist_0u_w_5s._.js:1945
[    8181ms] [ERROR] ./components/admin/AdminCourseManager.tsx:492:15
Expected '</', got '}'
  490 |                 </button>
  491 |               </li>
> 492 |             ))}
      |               ^
  493 |           </ul>
  494 |         </div>
  495 |

Parsing ecmascript source code failed

Import trace:
  Server Component:
    ./components/admin/AdminCourseManager.tsx
    ./app/dashboard/admin/courses/page.tsx @ http://localhost:3000/_next/static/chunks/node_modules_next_dist_0u_w_5s._.js:1945
[    8244ms] [ERROR] ./components/admin/AdminCourseManager.tsx:492:15
Expected '</', got '}'
  490 |                 </button>
  491 |               </li>
> 492 |             ))}
      |               ^
  493 |           </ul>
  494 |         </div>
  495 |

Parsing ecmascript source code failed

Import trace:
  Server Component:
    ./components/admin/AdminCourseManager.tsx
    ./app/dashboard/admin/courses/page.tsx @ http://localhost:3000/_next/static/chunks/node_modules_next_dist_0u_w_5s._.js:1945
[    8307ms] [ERROR] ./components/admin/AdminCourseManager.tsx:492:15
Expected '</', got '}'
  490 |                 </button>
  491 |               </li>
> 492 |             ))}
      |               ^
  493 |           </ul>
  494 |         </div>
  495 |

Parsing ecmascript source code failed

Import trace:
  Server Component:
    ./components/admin/AdminCourseManager.tsx
    ./app/dashboard/admin/courses/page.tsx @ http://localhost:3000/_next/static/chunks/node_modules_next_dist_0u_w_5s._.js:1945
[    8370ms] [ERROR] ./components/admin/AdminCourseManager.tsx:492:15
Expected '</', got '}'
  490 |                 </button>
  491 |               </li>
> 492 |             ))}
      |               ^
  493 |           </ul>
  494 |         </div>
  495 |

Parsing ecmascript source code failed

Import trace:
  Server Component:
    ./components/admin/AdminCourseManager.tsx
    ./app/dashboard/admin/courses/page.tsx @ http://localhost:3000/_next/static/chunks/node_modules_next_dist_0u_w_5s._.js:1945
[    8435ms] [ERROR] ./components/admin/AdminCourseManager.tsx:492:15
Expected '</', got '}'
  490 |                 </button>
  491 |               </li>
> 492 |             ))}
      |               ^
  493 |           </ul>
  494 |         </div>
  495 |

Parsing ecmascript source code failed

Import trace:
  Server Component:
    ./components/admin/AdminCourseManager.tsx
    ./app/dashboard/admin/courses/page.tsx @ http://localhost:3000/_next/static/chunks/node_modules_next_dist_0u_w_5s._.js:1945
[    8496ms] [ERROR] ./components/admin/AdminCourseManager.tsx:492:15
Expected '</', got '}'
  490 |                 </button>
  491 |               </li>
> 492 |             ))}
      |               ^
  493 |           </ul>
  494 |         </div>
  495 |

Parsing ecmascript source code failed

Import trace:
  Server Component:
    ./components/admin/AdminCourseManager.tsx
    ./app/dashboard/admin/courses/page.tsx @ http://localhost:3000/_next/static/chunks/node_modules_next_dist_0u_w_5s._.js:1945
[    8559ms] [ERROR] ./components/admin/AdminCourseManager.tsx:492:15
Expected '</', got '}'
  490 |                 </button>
  491 |               </li>
> 492 |             ))}
      |               ^
  493 |           </ul>
  494 |         </div>
  495 |

Parsing ecmascript source code failed

Import trace:
  Server Component:
    ./components/admin/AdminCourseManager.tsx
    ./app/dashboard/admin/courses/page.tsx @ http://localhost:3000/_next/static/chunks/node_modules_next_dist_0u_w_5s._.js:1945
[    8620ms] [ERROR] ./components/admin/AdminCourseManager.tsx:492:15
Expected '</', got '}'
  490 |                 </button>
  491 |               </li>
> 492 |             ))}
      |               ^
  493 |           </ul>
  494 |         </div>
  495 |

Parsing ecmascript source code failed

Import trace:
  Server Component:
    ./components/admin/AdminCourseManager.tsx
    ./app/dashboard/admin/courses/page.tsx @ http://localhost:3000/_next/static/chunks/node_modules_next_dist_0u_w_5s._.js:1945
[    8683ms] [ERROR] ./components/admin/AdminCourseManager.tsx:492:15
Expected '</', got '}'
  490 |                 </button>
  491 |               </li>
> 492 |             ))}
      |               ^
  493 |           </ul>
  494 |         </div>
  495 |

Parsing ecmascript source code failed

Import trace:
  Server Component:
    ./components/admin/AdminCourseManager.tsx
    ./app/dashboard/admin/courses/page.tsx @ http://localhost:3000/_next/static/chunks/node_modules_next_dist_0u_w_5s._.js:1945
[    8746ms] [ERROR] ./components/admin/AdminCourseManager.tsx:492:15
Expected '</', got '}'
  490 |                 </button>
  491 |               </li>
> 492 |             ))}
      |               ^
  493 |           </ul>
  494 |         </div>
  495 |

Parsing ecmascript source code failed

Import trace:
  Server Component:
    ./components/admin/AdminCourseManager.tsx
    ./app/dashboard/admin/courses/page.tsx @ http://localhost:3000/_next/static/chunks/node_modules_next_dist_0u_w_5s._.js:1945
[    8810ms] [ERROR] ./components/admin/AdminCourseManager.tsx:492:15
Expected '</', got '}'
  490 |                 </button>
  491 |               </li>
> 492 |             ))}
      |               ^
  493 |           </ul>
  494 |         </div>
  495 |

Parsing ecmascript source code failed

Import trace:
  Server Component:
    ./components/admin/AdminCourseManager.tsx
    ./app/dashboard/admin/courses/page.tsx @ http://localhost:3000/_next/static/chunks/node_modules_next_dist_0u_w_5s._.js:1945
[    8873ms] [ERROR] ./components/admin/AdminCourseManager.tsx:492:15
Expected '</', got '}'
  490 |                 </button>
  491 |               </li>
> 492 |             ))}
      |               ^
  493 |           </ul>
  494 |         </div>
  495 |

Parsing ecmascript source code failed

Import trace:
  Server Component:
    ./components/admin/AdminCourseManager.tsx
    ./app/dashboard/admin/courses/page.tsx @ http://localhost:3000/_next/static/chunks/node_modules_next_dist_0u_w_5s._.js:1945
[    8936ms] [ERROR] ./components/admin/AdminCourseManager.tsx:492:15
Expected '</', got '}'
  490 |                 </button>
  491 |               </li>
> 492 |             ))}
      |               ^
  493 |           </ul>
  494 |         </div>
  495 |

Parsing ecmascript source code failed

Import trace:
  Server Component:
    ./components/admin/AdminCourseManager.tsx
    ./app/dashboard/admin/courses/page.tsx @ http://localhost:3000/_next/static/chunks/node_modules_next_dist_0u_w_5s._.js:1945
[    8998ms] [ERROR] ./components/admin/AdminCourseManager.tsx:492:15
Expected '</', got '}'
  490 |                 </button>
  491 |               </li>
> 492 |             ))}
      |               ^
  493 |           </ul>
  494 |         </div>
  495 |

Parsing ecmascript source code failed

Import trace:
  Server Component:
    ./components/admin/AdminCourseManager.tsx
    ./app/dashboard/admin/courses/page.tsx @ http://localhost:3000/_next/static/chunks/node_modules_next_dist_0u_w_5s._.js:1945
[    9063ms] [ERROR] ./components/admin/AdminCourseManager.tsx:492:15
Expected '</', got '}'
  490 |                 </button>
  491 |               </li>
> 492 |             ))}
      |               ^
  493 |           </ul>
  494 |         </div>
  495 |

Parsing ecmascript source code failed

Import trace:
  Server Component:
    ./components/admin/AdminCourseManager.tsx
    ./app/dashboard/admin/courses/page.tsx @ http://localhost:3000/_next/static/chunks/node_modules_next_dist_0u_w_5s._.js:1945
[    9125ms] [ERROR] ./components/admin/AdminCourseManager.tsx:492:15
Expected '</', got '}'
  490 |                 </button>
  491 |               </li>
> 492 |             ))}
      |               ^
  493 |           </ul>
  494 |         </div>
  495 |

Parsing ecmascript source code failed

Import trace:
  Server Component:
    ./components/admin/AdminCourseManager.tsx
    ./app/dashboard/admin/courses/page.tsx @ http://localhost:3000/_next/static/chunks/node_modules_next_dist_0u_w_5s._.js:1945
[    9185ms] [ERROR] ./components/admin/AdminCourseManager.tsx:492:15
Expected '</', got '}'
  490 |                 </button>
  491 |               </li>
> 492 |             ))}
      |               ^
  493 |           </ul>
  494 |         </div>
  495 |

Parsing ecmascript source code failed

Import trace:
  Server Component:
    ./components/admin/AdminCourseManager.tsx
    ./app/dashboard/admin/courses/page.tsx @ http://localhost:3000/_next/static/chunks/node_modules_next_dist_0u_w_5s._.js:1945
[    9248ms] [ERROR] ./components/admin/AdminCourseManager.tsx:492:15
Expected '</', got '}'
  490 |                 </button>
  491 |               </li>
> 492 |             ))}
      |               ^
  493 |           </ul>
  494 |         </div>
  495 |

Parsing ecmascript source code failed

Import trace:
  Server Component:
    ./components/admin/AdminCourseManager.tsx
    ./app/dashboard/admin/courses/page.tsx @ http://localhost:3000/_next/static/chunks/node_modules_next_dist_0u_w_5s._.js:1945
[    9321ms] [ERROR] ./components/admin/AdminCourseManager.tsx:492:15
Expected '</', got '}'
  490 |                 </button>
  491 |               </li>
> 492 |             ))}
      |               ^
  493 |           </ul>
  494 |         </div>
  495 |

Parsing ecmascript source code failed

Import trace:
  Server Component:
    ./components/admin/AdminCourseManager.tsx
    ./app/dashboard/admin/courses/page.tsx @ http://localhost:3000/_next/static/chunks/node_modules_next_dist_0u_w_5s._.js:1945
[    9372ms] [ERROR] ./components/admin/AdminCourseManager.tsx:492:15
Expected '</', got '}'
  490 |                 </button>
  491 |               </li>
> 492 |             ))}
      |               ^
  493 |           </ul>
  494 |         </div>
  495 |

Parsing ecmascript source code failed

Import trace:
  Server Component:
    ./components/admin/AdminCourseManager.tsx
    ./app/dashboard/admin/courses/page.tsx @ http://localhost:3000/_next/static/chunks/node_modules_next_dist_0u_w_5s._.js:1945
[    9436ms] [ERROR] ./components/admin/AdminCourseManager.tsx:492:15
Expected '</', got '}'
  490 |                 </button>
  491 |               </li>
> 492 |             ))}
      |               ^
  493 |           </ul>
  494 |         </div>
  495 |

Parsing ecmascript source code failed

Import trace:
  Server Component:
    ./components/admin/AdminCourseManager.tsx
    ./app/dashboard/admin/courses/page.tsx @ http://localhost:3000/_next/static/chunks/node_modules_next_dist_0u_w_5s._.js:1945
[    9499ms] [ERROR] ./components/admin/AdminCourseManager.tsx:492:15
Expected '</', got '}'
  490 |                 </button>
  491 |               </li>
> 492 |             ))}
      |               ^
  493 |           </ul>
  494 |         </div>
  495 |

Parsing ecmascript source code failed

Import trace:
  Server Component:
    ./components/admin/AdminCourseManager.tsx
    ./app/dashboard/admin/courses/page.tsx @ http://localhost:3000/_next/static/chunks/node_modules_next_dist_0u_w_5s._.js:1945
[    9561ms] [ERROR] ./components/admin/AdminCourseManager.tsx:492:15
Expected '</', got '}'
  490 |                 </button>
  491 |               </li>
> 492 |             ))}
      |               ^
  493 |           </ul>
  494 |         </div>
  495 |

Parsing ecmascript source code failed

Import trace:
  Server Component:
    ./components/admin/AdminCourseManager.tsx
    ./app/dashboard/admin/courses/page.tsx @ http://localhost:3000/_next/static/chunks/node_modules_next_dist_0u_w_5s._.js:1945
[    9632ms] [ERROR] ./components/admin/AdminCourseManager.tsx:492:15
Expected '</', got '}'
  490 |                 </button>
  491 |               </li>
> 492 |             ))}
      |               ^
  493 |           </ul>
  494 |         </div>
  495 |

Parsing ecmascript source code failed

Import trace:
  Server Component:
    ./components/admin/AdminCourseManager.tsx
    ./app/dashboard/admin/courses/page.tsx @ http://localhost:3000/_next/static/chunks/node_modules_next_dist_0u_w_5s._.js:1945
[    9687ms] [ERROR] ./components/admin/AdminCourseManager.tsx:492:15
Expected '</', got '}'
  490 |                 </button>
  491 |               </li>
> 492 |             ))}
      |               ^
  493 |           </ul>
  494 |         </div>
  495 |

Parsing ecmascript source code failed

Import trace:
  Server Component:
    ./components/admin/AdminCourseManager.tsx
    ./app/dashboard/admin/courses/page.tsx @ http://localhost:3000/_next/static/chunks/node_modules_next_dist_0u_w_5s._.js:1945
[    9749ms] [ERROR] ./components/admin/AdminCourseManager.tsx:492:15
Expected '</', got '}'
  490 |                 </button>
  491 |               </li>
> 492 |             ))}
      |               ^
  493 |           </ul>
  494 |         </div>
  495 |

Parsing ecmascript source code failed

Import trace:
  Server Component:
    ./components/admin/AdminCourseManager.tsx
    ./app/dashboard/admin/courses/page.tsx @ http://localhost:3000/_next/static/chunks/node_modules_next_dist_0u_w_5s._.js:1945
[    9812ms] [ERROR] ./components/admin/AdminCourseManager.tsx:492:15
Expected '</', got '}'
  490 |                 </button>
  491 |               </li>
> 492 |             ))}
      |               ^
  493 |           </ul>
  494 |         </div>
  495 |

Parsing ecmascript source code failed

Import trace:
  Server Component:
    ./components/admin/AdminCourseManager.tsx
    ./app/dashboard/admin/courses/page.tsx @ http://localhost:3000/_next/static/chunks/node_modules_next_dist_0u_w_5s._.js:1945
[    9875ms] [ERROR] ./components/admin/AdminCourseManager.tsx:492:15
Expected '</', got '}'
  490 |                 </button>
  491 |               </li>
> 492 |             ))}
      |               ^
  493 |           </ul>
  494 |         </div>
  495 |

Parsing ecmascript source code failed

Import trace:
  Server Component:
    ./components/admin/AdminCourseManager.tsx
    ./app/dashboard/admin/courses/page.tsx @ http://localhost:3000/_next/static/chunks/node_modules_next_dist_0u_w_5s._.js:1945
[    9936ms] [ERROR] ./components/admin/AdminCourseManager.tsx:492:15
Expected '</', got '}'
  490 |                 </button>
  491 |               </li>
> 492 |             ))}
      |               ^
  493 |           </ul>
  494 |         </div>
  495 |

Parsing ecmascript source code failed

Import trace:
  Server Component:
    ./components/admin/AdminCourseManager.tsx
    ./app/dashboard/admin/courses/page.tsx @ http://localhost:3000/_next/static/chunks/node_modules_next_dist_0u_w_5s._.js:1945
[    9999ms] [ERROR] ./components/admin/AdminCourseManager.tsx:492:15
Expected '</', got '}'
  490 |                 </button>
  491 |               </li>
> 492 |             ))}
      |               ^
  493 |           </ul>
  494 |         </div>
  495 |

Parsing ecmascript source code failed

Import trace:
  Server Component:
    ./components/admin/AdminCourseManager.tsx
    ./app/dashboard/admin/courses/page.tsx @ http://localhost:3000/_next/static/chunks/node_modules_next_dist_0u_w_5s._.js:1945
[   10062ms] [ERROR] ./components/admin/AdminCourseManager.tsx:492:15
Expected '</', got '}'
  490 |                 </button>
  491 |               </li>
> 492 |             ))}
      |               ^
  493 |           </ul>
  494 |         </div>
  495 |

Parsing ecmascript source code failed

Import trace:
  Server Component:
    ./components/admin/AdminCourseManager.tsx
    ./app/dashboard/admin/courses/page.tsx @ http://localhost:3000/_next/static/chunks/node_modules_next_dist_0u_w_5s._.js:1945
[   10126ms] [ERROR] ./components/admin/AdminCourseManager.tsx:492:15
Expected '</', got '}'
  490 |                 </button>
  491 |               </li>
> 492 |             ))}
      |               ^
  493 |           </ul>
  494 |         </div>
  495 |

Parsing ecmascript source code failed

Import trace:
  Server Component:
    ./components/admin/AdminCourseManager.tsx
    ./app/dashboard/admin/courses/page.tsx @ http://localhost:3000/_next/static/chunks/node_modules_next_dist_0u_w_5s._.js:1945
[   10188ms] [ERROR] ./components/admin/AdminCourseManager.tsx:492:15
Expected '</', got '}'
  490 |                 </button>
  491 |               </li>
> 492 |             ))}
      |               ^
  493 |           </ul>
  494 |         </div>
  495 |

Parsing ecmascript source code failed

Import trace:
  Server Component:
    ./components/admin/AdminCourseManager.tsx
    ./app/dashboard/admin/courses/page.tsx @ http://localhost:3000/_next/static/chunks/node_modules_next_dist_0u_w_5s._.js:1945
[   10251ms] [ERROR] ./components/admin/AdminCourseManager.tsx:492:15
Expected '</', got '}'
  490 |                 </button>
  491 |               </li>
> 492 |             ))}
      |               ^
  493 |           </ul>
  494 |         </div>
  495 |

Parsing ecmascript source code failed

Import trace:
  Server Component:
    ./components/admin/AdminCourseManager.tsx
    ./app/dashboard/admin/courses/page.tsx @ http://localhost:3000/_next/static/chunks/node_modules_next_dist_0u_w_5s._.js:1945
[   10323ms] [ERROR] ./components/admin/AdminCourseManager.tsx:492:15
Expected '</', got '}'
  490 |                 </button>
  491 |               </li>
> 492 |             ))}
      |               ^
  493 |           </ul>
  494 |         </div>
  495 |

Parsing ecmascript source code failed

Import trace:
  Server Component:
    ./components/admin/AdminCourseManager.tsx
    ./app/dashboard/admin/courses/page.tsx @ http://localhost:3000/_next/static/chunks/node_modules_next_dist_0u_w_5s._.js:1945
[   10375ms] [ERROR] ./components/admin/AdminCourseManager.tsx:492:15
Expected '</', got '}'
  490 |                 </button>
  491 |               </li>
> 492 |             ))}
      |               ^
  493 |           </ul>
  494 |         </div>
  495 |

Parsing ecmascript source code failed

Import trace:
  Server Component:
    ./components/admin/AdminCourseManager.tsx
    ./app/dashboard/admin/courses/page.tsx @ http://localhost:3000/_next/static/chunks/node_modules_next_dist_0u_w_5s._.js:1945
[   10438ms] [ERROR] ./components/admin/AdminCourseManager.tsx:492:15
Expected '</', got '}'
  490 |                 </button>
  491 |               </li>
> 492 |             ))}
      |               ^
  493 |           </ul>
  494 |         </div>
  495 |

Parsing ecmascript source code failed

Import trace:
  Server Component:
    ./components/admin/AdminCourseManager.tsx
    ./app/dashboard/admin/courses/page.tsx @ http://localhost:3000/_next/static/chunks/node_modules_next_dist_0u_w_5s._.js:1945
[   10500ms] [ERROR] ./components/admin/AdminCourseManager.tsx:492:15
Expected '</', got '}'
  490 |                 </button>
  491 |               </li>
> 492 |             ))}
      |               ^
  493 |           </ul>
  494 |         </div>
  495 |

Parsing ecmascript source code failed

Import trace:
  Server Component:
    ./components/admin/AdminCourseManager.tsx
    ./app/dashboard/admin/courses/page.tsx @ http://localhost:3000/_next/static/chunks/node_modules_next_dist_0u_w_5s._.js:1945
[   10562ms] [ERROR] ./components/admin/AdminCourseManager.tsx:492:15
Expected '</', got '}'
  490 |                 </button>
  491 |               </li>
> 492 |             ))}
      |               ^
  493 |           </ul>
  494 |         </div>
  495 |

Parsing ecmascript source code failed

Import trace:
  Server Component:
    ./components/admin/AdminCourseManager.tsx
    ./app/dashboard/admin/courses/page.tsx @ http://localhost:3000/_next/static/chunks/node_modules_next_dist_0u_w_5s._.js:1945
[   10626ms] [ERROR] ./components/admin/AdminCourseManager.tsx:492:15
Expected '</', got '}'
  490 |                 </button>
  491 |               </li>
> 492 |             ))}
      |               ^
  493 |           </ul>
  494 |         </div>
  495 |

Parsing ecmascript source code failed

Import trace:
  Server Component:
    ./components/admin/AdminCourseManager.tsx
    ./app/dashboard/admin/courses/page.tsx @ http://localhost:3000/_next/static/chunks/node_modules_next_dist_0u_w_5s._.js:1945
[   10689ms] [ERROR] ./components/admin/AdminCourseManager.tsx:492:15
Expected '</', got '}'
  490 |                 </button>
  491 |               </li>
> 492 |             ))}
      |               ^
  493 |           </ul>
  494 |         </div>
  495 |

Parsing ecmascript source code failed

Import trace:
  Server Component:
    ./components/admin/AdminCourseManager.tsx
    ./app/dashboard/admin/courses/page.tsx @ http://localhost:3000/_next/static/chunks/node_modules_next_dist_0u_w_5s._.js:1945
[   10752ms] [ERROR] ./components/admin/AdminCourseManager.tsx:492:15
Expected '</', got '}'
  490 |                 </button>
  491 |               </li>
> 492 |             ))}
      |               ^
  493 |           </ul>
  494 |         </div>
  495 |

Parsing ecmascript source code failed

Import trace:
  Server Component:
    ./components/admin/AdminCourseManager.tsx
    ./app/dashboard/admin/courses/page.tsx @ http://localhost:3000/_next/static/chunks/node_modules_next_dist_0u_w_5s._.js:1945
[   10816ms] [ERROR] ./components/admin/AdminCourseManager.tsx:492:15
Expected '</', got '}'
  490 |                 </button>
  491 |               </li>
> 492 |             ))}
      |               ^
  493 |           </ul>
  494 |         </div>
  495 |

Parsing ecmascript source code failed

Import trace:
  Server Component:
    ./components/admin/AdminCourseManager.tsx
    ./app/dashboard/admin/courses/page.tsx @ http://localhost:3000/_next/static/chunks/node_modules_next_dist_0u_w_5s._.js:1945
[   10879ms] [ERROR] ./components/admin/AdminCourseManager.tsx:492:15
Expected '</', got '}'
  490 |                 </button>
  491 |               </li>
> 492 |             ))}
      |               ^
  493 |           </ul>
  494 |         </div>
  495 |

Parsing ecmascript source code failed

Import trace:
  Server Component:
    ./components/admin/AdminCourseManager.tsx
    ./app/dashboard/admin/courses/page.tsx @ http://localhost:3000/_next/static/chunks/node_modules_next_dist_0u_w_5s._.js:1945
[   10943ms] [ERROR] ./components/admin/AdminCourseManager.tsx:492:15
Expected '</', got '}'
  490 |                 </button>
  491 |               </li>
> 492 |             ))}
      |               ^
  493 |           </ul>
  494 |         </div>
  495 |

Parsing ecmascript source code failed

Import trace:
  Server Component:
    ./components/admin/AdminCourseManager.tsx
    ./app/dashboard/admin/courses/page.tsx @ http://localhost:3000/_next/static/chunks/node_modules_next_dist_0u_w_5s._.js:1945
[   11005ms] [ERROR] ./components/admin/AdminCourseManager.tsx:492:15
Expected '</', got '}'
  490 |                 </button>
  491 |               </li>
> 492 |             ))}
      |               ^
  493 |           </ul>
  494 |         </div>
  495 |

Parsing ecmascript source code failed

Import trace:
  Server Component:
    ./components/admin/AdminCourseManager.tsx
    ./app/dashboard/admin/courses/page.tsx @ http://localhost:3000/_next/static/chunks/node_modules_next_dist_0u_w_5s._.js:1945
[   11066ms] [ERROR] ./components/admin/AdminCourseManager.tsx:492:15
Expected '</', got '}'
  490 |                 </button>
  491 |               </li>
> 492 |             ))}
      |               ^
  493 |           </ul>
  494 |         </div>
  495 |

Parsing ecmascript source code failed

Import trace:
  Server Component:
    ./components/admin/AdminCourseManager.tsx
    ./app/dashboard/admin/courses/page.tsx @ http://localhost:3000/_next/static/chunks/node_modules_next_dist_0u_w_5s._.js:1945
[   11128ms] [ERROR] ./components/admin/AdminCourseManager.tsx:492:15
Expected '</', got '}'
  490 |                 </button>
  491 |               </li>
> 492 |             ))}
      |               ^
  493 |           </ul>
  494 |         </div>
  495 |

Parsing ecmascript source code failed

Import trace:
  Server Component:
    ./components/admin/AdminCourseManager.tsx
    ./app/dashboard/admin/courses/page.tsx @ http://localhost:3000/_next/static/chunks/node_modules_next_dist_0u_w_5s._.js:1945
[   11192ms] [ERROR] ./components/admin/AdminCourseManager.tsx:492:15
Expected '</', got '}'
  490 |                 </button>
  491 |               </li>
> 492 |             ))}
      |               ^
  493 |           </ul>
  494 |         </div>
  495 |

Parsing ecmascript source code failed

Import trace:
  Server Component:
    ./components/admin/AdminCourseManager.tsx
    ./app/dashboard/admin/courses/page.tsx @ http://localhost:3000/_next/static/chunks/node_modules_next_dist_0u_w_5s._.js:1945
[   11253ms] [ERROR] ./components/admin/AdminCourseManager.tsx:492:15
Expected '</', got '}'
  490 |                 </button>
  491 |               </li>
> 492 |             ))}
      |               ^
  493 |           </ul>
  494 |         </div>
  495 |

Parsing ecmascript source code failed

Import trace:
  Server Component:
    ./components/admin/AdminCourseManager.tsx
    ./app/dashboard/admin/courses/page.tsx @ http://localhost:3000/_next/static/chunks/node_modules_next_dist_0u_w_5s._.js:1945
[   11327ms] [ERROR] ./components/admin/AdminCourseManager.tsx:492:15
Expected '</', got '}'
  490 |                 </button>
  491 |               </li>
> 492 |             ))}
      |               ^
  493 |           </ul>
  494 |         </div>
  495 |

Parsing ecmascript source code failed

Import trace:
  Server Component:
    ./components/admin/AdminCourseManager.tsx
    ./app/dashboard/admin/courses/page.tsx @ http://localhost:3000/_next/static/chunks/node_modules_next_dist_0u_w_5s._.js:1945
[   11378ms] [ERROR] ./components/admin/AdminCourseManager.tsx:492:15
Expected '</', got '}'
  490 |                 </button>
  491 |               </li>
> 492 |             ))}
      |               ^
  493 |           </ul>
  494 |         </div>
  495 |

Parsing ecmascript source code failed

Import trace:
  Server Component:
    ./components/admin/AdminCourseManager.tsx
    ./app/dashboard/admin/courses/page.tsx @ http://localhost:3000/_next/static/chunks/node_modules_next_dist_0u_w_5s._.js:1945
[   11443ms] [ERROR] ./components/admin/AdminCourseManager.tsx:492:15
Expected '</', got '}'
  490 |                 </button>
  491 |               </li>
> 492 |             ))}
      |               ^
  493 |           </ul>
  494 |         </div>
  495 |

Parsing ecmascript source code failed

Import trace:
  Server Component:
    ./components/admin/AdminCourseManager.tsx
    ./app/dashboard/admin/courses/page.tsx @ http://localhost:3000/_next/static/chunks/node_modules_next_dist_0u_w_5s._.js:1945
[   11504ms] [ERROR] ./components/admin/AdminCourseManager.tsx:492:15
Expected '</', got '}'
  490 |                 </button>
  491 |               </li>
> 492 |             ))}
      |               ^
  493 |           </ul>
  494 |         </div>
  495 |

Parsing ecmascript source code failed

Import trace:
  Server Component:
    ./components/admin/AdminCourseManager.tsx
    ./app/dashboard/admin/courses/page.tsx @ http://localhost:3000/_next/static/chunks/node_modules_next_dist_0u_w_5s._.js:1945
[   11568ms] [ERROR] ./components/admin/AdminCourseManager.tsx:492:15
Expected '</', got '}'
  490 |                 </button>
  491 |               </li>
> 492 |             ))}
      |               ^
  493 |           </ul>
  494 |         </div>
  495 |

Parsing ecmascript source code failed

Import trace:
  Server Component:
    ./components/admin/AdminCourseManager.tsx
    ./app/dashboard/admin/courses/page.tsx @ http://localhost:3000/_next/static/chunks/node_modules_next_dist_0u_w_5s._.js:1945
[   11631ms] [ERROR] ./components/admin/AdminCourseManager.tsx:492:15
Expected '</', got '}'
  490 |                 </button>
  491 |               </li>
> 492 |             ))}
      |               ^
  493 |           </ul>
  494 |         </div>
  495 |

Parsing ecmascript source code failed

Import trace:
  Server Component:
    ./components/admin/AdminCourseManager.tsx
    ./app/dashboard/admin/courses/page.tsx @ http://localhost:3000/_next/static/chunks/node_modules_next_dist_0u_w_5s._.js:1945
[   11692ms] [ERROR] ./components/admin/AdminCourseManager.tsx:492:15
Expected '</', got '}'
  490 |                 </button>
  491 |               </li>
> 492 |             ))}
      |               ^
  493 |           </ul>
  494 |         </div>
  495 |

Parsing ecmascript source code failed

Import trace:
  Server Component:
    ./components/admin/AdminCourseManager.tsx
    ./app/dashboard/admin/courses/page.tsx @ http://localhost:3000/_next/static/chunks/node_modules_next_dist_0u_w_5s._.js:1945
[   11755ms] [ERROR] ./components/admin/AdminCourseManager.tsx:492:15
Expected '</', got '}'
  490 |                 </button>
  491 |               </li>
> 492 |             ))}
      |               ^
  493 |           </ul>
  494 |         </div>
  495 |

Parsing ecmascript source code failed

Import trace:
  Server Component:
    ./components/admin/AdminCourseManager.tsx
    ./app/dashboard/admin/courses/page.tsx @ http://localhost:3000/_next/static/chunks/node_modules_next_dist_0u_w_5s._.js:1945
[   11816ms] [ERROR] ./components/admin/AdminCourseManager.tsx:492:15
Expected '</', got '}'
  490 |                 </button>
  491 |               </li>
> 492 |             ))}
      |               ^
  493 |           </ul>
  494 |         </div>
  495 |

Parsing ecmascript source code failed

Import trace:
  Server Component:
    ./components/admin/AdminCourseManager.tsx
    ./app/dashboard/admin/courses/page.tsx @ http://localhost:3000/_next/static/chunks/node_modules_next_dist_0u_w_5s._.js:1945
[   11879ms] [ERROR] ./components/admin/AdminCourseManager.tsx:492:15
Expected '</', got '}'
  490 |                 </button>
  491 |               </li>
> 492 |             ))}
      |               ^
  493 |           </ul>
  494 |         </div>
  495 |

Parsing ecmascript source code failed

Import trace:
  Server Component:
    ./components/admin/AdminCourseManager.tsx
    ./app/dashboard/admin/courses/page.tsx @ http://localhost:3000/_next/static/chunks/node_modules_next_dist_0u_w_5s._.js:1945
[   11941ms] [ERROR] ./components/admin/AdminCourseManager.tsx:492:15
Expected '</', got '}'
  490 |                 </button>
  491 |               </li>
> 492 |             ))}
      |               ^
  493 |           </ul>
  494 |         </div>
  495 |

Parsing ecmascript source code failed

Import trace:
  Server Component:
    ./components/admin/AdminCourseManager.tsx
    ./app/dashboard/admin/courses/page.tsx @ http://localhost:3000/_next/static/chunks/node_modules_next_dist_0u_w_5s._.js:1945
[   12004ms] [ERROR] ./components/admin/AdminCourseManager.tsx:492:15
Expected '</', got '}'
  490 |                 </button>
  491 |               </li>
> 492 |             ))}
      |               ^
  493 |           </ul>
  494 |         </div>
  495 |

Parsing ecmascript source code failed

Import trace:
  Server Component:
    ./components/admin/AdminCourseManager.tsx
    ./app/dashboard/admin/courses/page.tsx @ http://localhost:3000/_next/static/chunks/node_modules_next_dist_0u_w_5s._.js:1945
[   12066ms] [ERROR] ./components/admin/AdminCourseManager.tsx:492:15
Expected '</', got '}'
  490 |                 </button>
  491 |               </li>
> 492 |             ))}
      |               ^
  493 |           </ul>
  494 |         </div>
  495 |

Parsing ecmascript source code failed

Import trace:
  Server Component:
    ./components/admin/AdminCourseManager.tsx
    ./app/dashboard/admin/courses/page.tsx @ http://localhost:3000/_next/static/chunks/node_modules_next_dist_0u_w_5s._.js:1945
[   12130ms] [ERROR] ./components/admin/AdminCourseManager.tsx:492:15
Expected '</', got '}'
  490 |                 </button>
  491 |               </li>
> 492 |             ))}
      |               ^
  493 |           </ul>
  494 |         </div>
  495 |

Parsing ecmascript source code failed

Import trace:
  Server Component:
    ./components/admin/AdminCourseManager.tsx
    ./app/dashboard/admin/courses/page.tsx @ http://localhost:3000/_next/static/chunks/node_modules_next_dist_0u_w_5s._.js:1945
[   12193ms] [ERROR] ./components/admin/AdminCourseManager.tsx:492:15
Expected '</', got '}'
  490 |                 </button>
  491 |               </li>
> 492 |             ))}
      |               ^
  493 |           </ul>
  494 |         </div>
  495 |

Parsing ecmascript source code failed

Import trace:
  Server Component:
    ./components/admin/AdminCourseManager.tsx
    ./app/dashboard/admin/courses/page.tsx @ http://localhost:3000/_next/static/chunks/node_modules_next_dist_0u_w_5s._.js:1945
[   12254ms] [ERROR] ./components/admin/AdminCourseManager.tsx:492:15
Expected '</', got '}'
  490 |                 </button>
  491 |               </li>
> 492 |             ))}
      |               ^
  493 |           </ul>
  494 |         </div>
  495 |

Parsing ecmascript source code failed

Import trace:
  Server Component:
    ./components/admin/AdminCourseManager.tsx
    ./app/dashboard/admin/courses/page.tsx @ http://localhost:3000/_next/static/chunks/node_modules_next_dist_0u_w_5s._.js:1945
[   12324ms] [ERROR] ./components/admin/AdminCourseManager.tsx:492:15
Expected '</', got '}'
  490 |                 </button>
  491 |               </li>
> 492 |             ))}
      |               ^
  493 |           </ul>
  494 |         </div>
  495 |

Parsing ecmascript source code failed

Import trace:
  Server Component:
    ./components/admin/AdminCourseManager.tsx
    ./app/dashboard/admin/courses/page.tsx @ http://localhost:3000/_next/static/chunks/node_modules_next_dist_0u_w_5s._.js:1945
[   12377ms] [ERROR] ./components/admin/AdminCourseManager.tsx:492:15
Expected '</', got '}'
  490 |                 </button>
  491 |               </li>
> 492 |             ))}
      |               ^
  493 |           </ul>
  494 |         </div>
  495 |

Parsing ecmascript source code failed

Import trace:
  Server Component:
    ./components/admin/AdminCourseManager.tsx
    ./app/dashboard/admin/courses/page.tsx @ http://localhost:3000/_next/static/chunks/node_modules_next_dist_0u_w_5s._.js:1945
[   12440ms] [ERROR] ./components/admin/AdminCourseManager.tsx:492:15
Expected '</', got '}'
  490 |                 </button>
  491 |               </li>
> 492 |             ))}
      |               ^
  493 |           </ul>
  494 |         </div>
  495 |

Parsing ecmascript source code failed

Import trace:
  Server Component:
    ./components/admin/AdminCourseManager.tsx
    ./app/dashboard/admin/courses/page.tsx @ http://localhost:3000/_next/static/chunks/node_modules_next_dist_0u_w_5s._.js:1945
[   12503ms] [ERROR] ./components/admin/AdminCourseManager.tsx:492:15
Expected '</', got '}'
  490 |                 </button>
  491 |               </li>
> 492 |             ))}
      |               ^
  493 |           </ul>
  494 |         </div>
  495 |

Parsing ecmascript source code failed

Import trace:
  Server Component:
    ./components/admin/AdminCourseManager.tsx
    ./app/dashboard/admin/courses/page.tsx @ http://localhost:3000/_next/static/chunks/node_modules_next_dist_0u_w_5s._.js:1945
[   12567ms] [ERROR] ./components/admin/AdminCourseManager.tsx:492:15
Expected '</', got '}'
  490 |                 </button>
  491 |               </li>
> 492 |             ))}
      |               ^
  493 |           </ul>
  494 |         </div>
  495 |

Parsing ecmascript source code failed

Import trace:
  Server Component:
    ./components/admin/AdminCourseManager.tsx
    ./app/dashboard/admin/courses/page.tsx @ http://localhost:3000/_next/static/chunks/node_modules_next_dist_0u_w_5s._.js:1945
[   12628ms] [ERROR] ./components/admin/AdminCourseManager.tsx:492:15
Expected '</', got '}'
  490 |                 </button>
  491 |               </li>
> 492 |             ))}
      |               ^
  493 |           </ul>
  494 |         </div>
  495 |

Parsing ecmascript source code failed

Import trace:
  Server Component:
    ./components/admin/AdminCourseManager.tsx
    ./app/dashboard/admin/courses/page.tsx @ http://localhost:3000/_next/static/chunks/node_modules_next_dist_0u_w_5s._.js:1945
[   12690ms] [ERROR] ./components/admin/AdminCourseManager.tsx:492:15
Expected '</', got '}'
  490 |                 </button>
  491 |               </li>
> 492 |             ))}
      |               ^
  493 |           </ul>
  494 |         </div>
  495 |

Parsing ecmascript source code failed

Import trace:
  Server Component:
    ./components/admin/AdminCourseManager.tsx
    ./app/dashboard/admin/courses/page.tsx @ http://localhost:3000/_next/static/chunks/node_modules_next_dist_0u_w_5s._.js:1945
[   12752ms] [ERROR] ./components/admin/AdminCourseManager.tsx:492:15
Expected '</', got '}'
  490 |                 </button>
  491 |               </li>
> 492 |             ))}
      |               ^
  493 |           </ul>
  494 |         </div>
  495 |

Parsing ecmascript source code failed

Import trace:
  Server Component:
    ./components/admin/AdminCourseManager.tsx
    ./app/dashboard/admin/courses/page.tsx @ http://localhost:3000/_next/static/chunks/node_modules_next_dist_0u_w_5s._.js:1945
[   12815ms] [ERROR] ./components/admin/AdminCourseManager.tsx:492:15
Expected '</', got '}'
  490 |                 </button>
  491 |               </li>
> 492 |             ))}
      |               ^
  493 |           </ul>
  494 |         </div>
  495 |

Parsing ecmascript source code failed

Import trace:
  Server Component:
    ./components/admin/AdminCourseManager.tsx
    ./app/dashboard/admin/courses/page.tsx @ http://localhost:3000/_next/static/chunks/node_modules_next_dist_0u_w_5s._.js:1945
[   12878ms] [ERROR] ./components/admin/AdminCourseManager.tsx:492:15
Expected '</', got '}'
  490 |                 </button>
  491 |               </li>
> 492 |             ))}
      |               ^
  493 |           </ul>
  494 |         </div>
  495 |

Parsing ecmascript source code failed

Import trace:
  Server Component:
    ./components/admin/AdminCourseManager.tsx
    ./app/dashboard/admin/courses/page.tsx @ http://localhost:3000/_next/static/chunks/node_modules_next_dist_0u_w_5s._.js:1945
[   12942ms] [ERROR] ./components/admin/AdminCourseManager.tsx:492:15
Expected '</', got '}'
  490 |                 </button>
  491 |               </li>
> 492 |             ))}
      |               ^
  493 |           </ul>
  494 |         </div>
  495 |

Parsing ecmascript source code failed

Import trace:
  Server Component:
    ./components/admin/AdminCourseManager.tsx
    ./app/dashboard/admin/courses/page.tsx @ http://localhost:3000/_next/static/chunks/node_modules_next_dist_0u_w_5s._.js:1945
[   13005ms] [ERROR] ./components/admin/AdminCourseManager.tsx:492:15
Expected '</', got '}'
  490 |                 </button>
  491 |               </li>
> 492 |             ))}
      |               ^
  493 |           </ul>
  494 |         </div>
  495 |

Parsing ecmascript source code failed

Import trace:
  Server Component:
    ./components/admin/AdminCourseManager.tsx
    ./app/dashboard/admin/courses/page.tsx @ http://localhost:3000/_next/static/chunks/node_modules_next_dist_0u_w_5s._.js:1945
[   13068ms] [ERROR] ./components/admin/AdminCourseManager.tsx:492:15
Expected '</', got '}'
  490 |                 </button>
  491 |               </li>
> 492 |             ))}
      |               ^
  493 |           </ul>
  494 |         </div>
  495 |

Parsing ecmascript source code failed

Import trace:
  Server Component:
    ./components/admin/AdminCourseManager.tsx
    ./app/dashboard/admin/courses/page.tsx @ http://localhost:3000/_next/static/chunks/node_modules_next_dist_0u_w_5s._.js:1945
[   13129ms] [ERROR] ./components/admin/AdminCourseManager.tsx:492:15
Expected '</', got '}'
  490 |                 </button>
  491 |               </li>
> 492 |             ))}
      |               ^
  493 |           </ul>
  494 |         </div>
  495 |

Parsing ecmascript source code failed

Import trace:
  Server Component:
    ./components/admin/AdminCourseManager.tsx
    ./app/dashboard/admin/courses/page.tsx @ http://localhost:3000/_next/static/chunks/node_modules_next_dist_0u_w_5s._.js:1945
[   13192ms] [ERROR] ./components/admin/AdminCourseManager.tsx:492:15
Expected '</', got '}'
  490 |                 </button>
  491 |               </li>
> 492 |             ))}
      |               ^
  493 |           </ul>
  494 |         </div>
  495 |

Parsing ecmascript source code failed

Import trace:
  Server Component:
    ./components/admin/AdminCourseManager.tsx
    ./app/dashboard/admin/courses/page.tsx @ http://localhost:3000/_next/static/chunks/node_modules_next_dist_0u_w_5s._.js:1945
[   13254ms] [ERROR] ./components/admin/AdminCourseManager.tsx:492:15
Expected '</', got '}'
  490 |                 </button>
  491 |               </li>
> 492 |             ))}
      |               ^
  493 |           </ul>
  494 |         </div>
  495 |

Parsing ecmascript source code failed

Import trace:
  Server Component:
    ./components/admin/AdminCourseManager.tsx
    ./app/dashboard/admin/courses/page.tsx @ http://localhost:3000/_next/static/chunks/node_modules_next_dist_0u_w_5s._.js:1945
[   13322ms] [ERROR] ./components/admin/AdminCourseManager.tsx:492:15
Expected '</', got '}'
  490 |                 </button>
  491 |               </li>
> 492 |             ))}
      |               ^
  493 |           </ul>
  494 |         </div>
  495 |

Parsing ecmascript source code failed

Import trace:
  Server Component:
    ./components/admin/AdminCourseManager.tsx
    ./app/dashboard/admin/courses/page.tsx @ http://localhost:3000/_next/static/chunks/node_modules_next_dist_0u_w_5s._.js:1945
[   13381ms] [ERROR] ./components/admin/AdminCourseManager.tsx:492:15
Expected '</', got '}'
  490 |                 </button>
  491 |               </li>
> 492 |             ))}
      |               ^
  493 |           </ul>
  494 |         </div>
  495 |

Parsing ecmascript source code failed

Import trace:
  Server Component:
    ./components/admin/AdminCourseManager.tsx
    ./app/dashboard/admin/courses/page.tsx @ http://localhost:3000/_next/static/chunks/node_modules_next_dist_0u_w_5s._.js:1945
[   13443ms] [ERROR] ./components/admin/AdminCourseManager.tsx:492:15
Expected '</', got '}'
  490 |                 </button>
  491 |               </li>
> 492 |             ))}
      |               ^
  493 |           </ul>
  494 |         </div>
  495 |

Parsing ecmascript source code failed

Import trace:
  Server Component:
    ./components/admin/AdminCourseManager.tsx
    ./app/dashboard/admin/courses/page.tsx @ http://localhost:3000/_next/static/chunks/node_modules_next_dist_0u_w_5s._.js:1945
[   13505ms] [ERROR] ./components/admin/AdminCourseManager.tsx:492:15
Expected '</', got '}'
  490 |                 </button>
  491 |               </li>
> 492 |             ))}
      |               ^
  493 |           </ul>
  494 |         </div>
  495 |

Parsing ecmascript source code failed

Import trace:
  Server Component:
    ./components/admin/AdminCourseManager.tsx
    ./app/dashboard/admin/courses/page.tsx @ http://localhost:3000/_next/static/chunks/node_modules_next_dist_0u_w_5s._.js:1945
[   13567ms] [ERROR] ./components/admin/AdminCourseManager.tsx:492:15
Expected '</', got '}'
  490 |                 </button>
  491 |               </li>
> 492 |             ))}
      |               ^
  493 |           </ul>
  494 |         </div>
  495 |

Parsing ecmascript source code failed

Import trace:
  Server Component:
    ./components/admin/AdminCourseManager.tsx
    ./app/dashboard/admin/courses/page.tsx @ http://localhost:3000/_next/static/chunks/node_modules_next_dist_0u_w_5s._.js:1945
[   13630ms] [ERROR] ./components/admin/AdminCourseManager.tsx:492:15
Expected '</', got '}'
  490 |                 </button>
  491 |               </li>
> 492 |             ))}
      |               ^
  493 |           </ul>
  494 |         </div>
  495 |

Parsing ecmascript source code failed

Import trace:
  Server Component:
    ./components/admin/AdminCourseManager.tsx
    ./app/dashboard/admin/courses/page.tsx @ http://localhost:3000/_next/static/chunks/node_modules_next_dist_0u_w_5s._.js:1945
[   13692ms] [ERROR] ./components/admin/AdminCourseManager.tsx:492:15
Expected '</', got '}'
  490 |                 </button>
  491 |               </li>
> 492 |             ))}
      |               ^
  493 |           </ul>
  494 |         </div>
  495 |

Parsing ecmascript source code failed

Import trace:
  Server Component:
    ./components/admin/AdminCourseManager.tsx
    ./app/dashboard/admin/courses/page.tsx @ http://localhost:3000/_next/static/chunks/node_modules_next_dist_0u_w_5s._.js:1945
[   13753ms] [ERROR] ./components/admin/AdminCourseManager.tsx:492:15
Expected '</', got '}'
  490 |                 </button>
  491 |               </li>
> 492 |             ))}
      |               ^
  493 |           </ul>
  494 |         </div>
  495 |

Parsing ecmascript source code failed

Import trace:
  Server Component:
    ./components/admin/AdminCourseManager.tsx
    ./app/dashboard/admin/courses/page.tsx @ http://localhost:3000/_next/static/chunks/node_modules_next_dist_0u_w_5s._.js:1945
[   13816ms] [ERROR] ./components/admin/AdminCourseManager.tsx:492:15
Expected '</', got '}'
  490 |                 </button>
  491 |               </li>
> 492 |             ))}
      |               ^
  493 |           </ul>
  494 |         </div>
  495 |

Parsing ecmascript source code failed

Import trace:
  Server Component:
    ./components/admin/AdminCourseManager.tsx
    ./app/dashboard/admin/courses/page.tsx @ http://localhost:3000/_next/static/chunks/node_modules_next_dist_0u_w_5s._.js:1945
[   13880ms] [ERROR] ./components/admin/AdminCourseManager.tsx:492:15
Expected '</', got '}'
  490 |                 </button>
  491 |               </li>
> 492 |             ))}
      |               ^
  493 |           </ul>
  494 |         </div>
  495 |

Parsing ecmascript source code failed

Import trace:
  Server Component:
    ./components/admin/AdminCourseManager.tsx
    ./app/dashboard/admin/courses/page.tsx @ http://localhost:3000/_next/static/chunks/node_modules_next_dist_0u_w_5s._.js:1945
[   13943ms] [ERROR] ./components/admin/AdminCourseManager.tsx:492:15
Expected '</', got '}'
  490 |                 </button>
  491 |               </li>
> 492 |             ))}
      |               ^
  493 |           </ul>
  494 |         </div>
  495 |

Parsing ecmascript source code failed

Import trace:
  Server Component:
    ./components/admin/AdminCourseManager.tsx
    ./app/dashboard/admin/courses/page.tsx @ http://localhost:3000/_next/static/chunks/node_modules_next_dist_0u_w_5s._.js:1945
[   14007ms] [ERROR] ./components/admin/AdminCourseManager.tsx:492:15
Expected '</', got '}'
  490 |                 </button>
  491 |               </li>
> 492 |             ))}
      |               ^
  493 |           </ul>
  494 |         </div>
  495 |

Parsing ecmascript source code failed

Import trace:
  Server Component:
    ./components/admin/AdminCourseManager.tsx
    ./app/dashboard/admin/courses/page.tsx @ http://localhost:3000/_next/static/chunks/node_modules_next_dist_0u_w_5s._.js:1945
[   14070ms] [ERROR] ./components/admin/AdminCourseManager.tsx:492:15
Expected '</', got '}'
  490 |                 </button>
  491 |               </li>
> 492 |             ))}
      |               ^
  493 |           </ul>
  494 |         </div>
  495 |

Parsing ecmascript source code failed

Import trace:
  Server Component:
    ./components/admin/AdminCourseManager.tsx
    ./app/dashboard/admin/courses/page.tsx @ http://localhost:3000/_next/static/chunks/node_modules_next_dist_0u_w_5s._.js:1945
[   14131ms] [ERROR] ./components/admin/AdminCourseManager.tsx:492:15
Expected '</', got '}'
  490 |                 </button>
  491 |               </li>
> 492 |             ))}
      |               ^
  493 |           </ul>
  494 |         </div>
  495 |

Parsing ecmascript source code failed

Import trace:
  Server Component:
    ./components/admin/AdminCourseManager.tsx
    ./app/dashboard/admin/courses/page.tsx @ http://localhost:3000/_next/static/chunks/node_modules_next_dist_0u_w_5s._.js:1945
[   14194ms] [ERROR] ./components/admin/AdminCourseManager.tsx:492:15
Expected '</', got '}'
  490 |                 </button>
  491 |               </li>
> 492 |             ))}
      |               ^
  493 |           </ul>
  494 |         </div>
  495 |

Parsing ecmascript source code failed

Import trace:
  Server Component:
    ./components/admin/AdminCourseManager.tsx
    ./app/dashboard/admin/courses/page.tsx @ http://localhost:3000/_next/static/chunks/node_modules_next_dist_0u_w_5s._.js:1945
[   14256ms] [ERROR] ./components/admin/AdminCourseManager.tsx:492:15
Expected '</', got '}'
  490 |                 </button>
  491 |               </li>
> 492 |             ))}
      |               ^
  493 |           </ul>
  494 |         </div>
  495 |

Parsing ecmascript source code failed

Import trace:
  Server Component:
    ./components/admin/AdminCourseManager.tsx
    ./app/dashboard/admin/courses/page.tsx @ http://localhost:3000/_next/static/chunks/node_modules_next_dist_0u_w_5s._.js:1945
[   14323ms] [ERROR] ./components/admin/AdminCourseManager.tsx:492:15
Expected '</', got '}'
  490 |                 </button>
  491 |               </li>
> 492 |             ))}
      |               ^
  493 |           </ul>
  494 |         </div>
  495 |

Parsing ecmascript source code failed

Import trace:
  Server Component:
    ./components/admin/AdminCourseManager.tsx
    ./app/dashboard/admin/courses/page.tsx @ http://localhost:3000/_next/static/chunks/node_modules_next_dist_0u_w_5s._.js:1945
[   14380ms] [ERROR] ./components/admin/AdminCourseManager.tsx:492:15
Expected '</', got '}'
  490 |                 </button>
  491 |               </li>
> 492 |             ))}
      |               ^
  493 |           </ul>
  494 |         </div>
  495 |

Parsing ecmascript source code failed

Import trace:
  Server Component:
    ./components/admin/AdminCourseManager.tsx
    ./app/dashboard/admin/courses/page.tsx @ http://localhost:3000/_next/static/chunks/node_modules_next_dist_0u_w_5s._.js:1945
[   14443ms] [ERROR] ./components/admin/AdminCourseManager.tsx:492:15
Expected '</', got '}'
  490 |                 </button>
  491 |               </li>
> 492 |             ))}
      |               ^
  493 |           </ul>
  494 |         </div>
  495 |

Parsing ecmascript source code failed

Import trace:
  Server Component:
    ./components/admin/AdminCourseManager.tsx
    ./app/dashboard/admin/courses/page.tsx @ http://localhost:3000/_next/static/chunks/node_modules_next_dist_0u_w_5s._.js:1945
[   14505ms] [ERROR] ./components/admin/AdminCourseManager.tsx:492:15
Expected '</', got '}'
  490 |                 </button>
  491 |               </li>
> 492 |             ))}
      |               ^
  493 |           </ul>
  494 |         </div>
  495 |

Parsing ecmascript source code failed

Import trace:
  Server Component:
    ./components/admin/AdminCourseManager.tsx
    ./app/dashboard/admin/courses/page.tsx @ http://localhost:3000/_next/static/chunks/node_modules_next_dist_0u_w_5s._.js:1945
[   14566ms] [ERROR] ./components/admin/AdminCourseManager.tsx:492:15
Expected '</', got '}'
  490 |                 </button>
  491 |               </li>
> 492 |             ))}
      |               ^
  493 |           </ul>
  494 |         </div>
  495 |

Parsing ecmascript source code failed

Import trace:
  Server Component:
    ./components/admin/AdminCourseManager.tsx
    ./app/dashboard/admin/courses/page.tsx @ http://localhost:3000/_next/static/chunks/node_modules_next_dist_0u_w_5s._.js:1945
[   14630ms] [ERROR] ./components/admin/AdminCourseManager.tsx:492:15
Expected '</', got '}'
  490 |                 </button>
  491 |               </li>
> 492 |             ))}
      |               ^
  493 |           </ul>
  494 |         </div>
  495 |

Parsing ecmascript source code failed

Import trace:
  Server Component:
    ./components/admin/AdminCourseManager.tsx
    ./app/dashboard/admin/courses/page.tsx @ http://localhost:3000/_next/static/chunks/node_modules_next_dist_0u_w_5s._.js:1945
[   14692ms] [ERROR] ./components/admin/AdminCourseManager.tsx:492:15
Expected '</', got '}'
  490 |                 </button>
  491 |               </li>
> 492 |             ))}
      |               ^
  493 |           </ul>
  494 |         </div>
  495 |

Parsing ecmascript source code failed

Import trace:
  Server Component:
    ./components/admin/AdminCourseManager.tsx
    ./app/dashboard/admin/courses/page.tsx @ http://localhost:3000/_next/static/chunks/node_modules_next_dist_0u_w_5s._.js:1945
[   14753ms] [ERROR] ./components/admin/AdminCourseManager.tsx:492:15
Expected '</', got '}'
  490 |                 </button>
  491 |               </li>
> 492 |             ))}
      |               ^
  493 |           </ul>
  494 |         </div>
  495 |

Parsing ecmascript source code failed

Import trace:
  Server Component:
    ./components/admin/AdminCourseManager.tsx
    ./app/dashboard/admin/courses/page.tsx @ http://localhost:3000/_next/static/chunks/node_modules_next_dist_0u_w_5s._.js:1945
[   14815ms] [ERROR] ./components/admin/AdminCourseManager.tsx:492:15
Expected '</', got '}'
  490 |                 </button>
  491 |               </li>
> 492 |             ))}
      |               ^
  493 |           </ul>
  494 |         </div>
  495 |

Parsing ecmascript source code failed

Import trace:
  Server Component:
    ./components/admin/AdminCourseManager.tsx
    ./app/dashboard/admin/courses/page.tsx @ http://localhost:3000/_next/static/chunks/node_modules_next_dist_0u_w_5s._.js:1945
[   14880ms] [ERROR] ./components/admin/AdminCourseManager.tsx:492:15
Expected '</', got '}'
  490 |                 </button>
  491 |               </li>
> 492 |             ))}
      |               ^
  493 |           </ul>
  494 |         </div>
  495 |

Parsing ecmascript source code failed

Import trace:
  Server Component:
    ./components/admin/AdminCourseManager.tsx
    ./app/dashboard/admin/courses/page.tsx @ http://localhost:3000/_next/static/chunks/node_modules_next_dist_0u_w_5s._.js:1945
[   14943ms] [ERROR] ./components/admin/AdminCourseManager.tsx:492:15
Expected '</', got '}'
  490 |                 </button>
  491 |               </li>
> 492 |             ))}
      |               ^
  493 |           </ul>
  494 |         </div>
  495 |

Parsing ecmascript source code failed

Import trace:
  Server Component:
    ./components/admin/AdminCourseManager.tsx
    ./app/dashboard/admin/courses/page.tsx @ http://localhost:3000/_next/static/chunks/node_modules_next_dist_0u_w_5s._.js:1945
[   15006ms] [ERROR] ./components/admin/AdminCourseManager.tsx:492:15
Expected '</', got '}'
  490 |                 </button>
  491 |               </li>
> 492 |             ))}
      |               ^
  493 |           </ul>
  494 |         </div>
  495 |

Parsing ecmascript source code failed

Import trace:
  Server Component:
    ./components/admin/AdminCourseManager.tsx
    ./app/dashboard/admin/courses/page.tsx @ http://localhost:3000/_next/static/chunks/node_modules_next_dist_0u_w_5s._.js:1945
[   15067ms] [ERROR] ./components/admin/AdminCourseManager.tsx:492:15
Expected '</', got '}'
  490 |                 </button>
  491 |               </li>
> 492 |             ))}
      |               ^
  493 |           </ul>
  494 |         </div>
  495 |

Parsing ecmascript source code failed

Import trace:
  Server Component:
    ./components/admin/AdminCourseManager.tsx
    ./app/dashboard/admin/courses/page.tsx @ http://localhost:3000/_next/static/chunks/node_modules_next_dist_0u_w_5s._.js:1945
[   15130ms] [ERROR] ./components/admin/AdminCourseManager.tsx:492:15
Expected '</', got '}'
  490 |                 </button>
  491 |               </li>
> 492 |             ))}
      |               ^
  493 |           </ul>
  494 |         </div>
  495 |

Parsing ecmascript source code failed

Import trace:
  Server Component:
    ./components/admin/AdminCourseManager.tsx
    ./app/dashboard/admin/courses/page.tsx @ http://localhost:3000/_next/static/chunks/node_modules_next_dist_0u_w_5s._.js:1945
[   15194ms] [ERROR] ./components/admin/AdminCourseManager.tsx:492:15
Expected '</', got '}'
  490 |                 </button>
  491 |               </li>
> 492 |             ))}
      |               ^
  493 |           </ul>
  494 |         </div>
  495 |

Parsing ecmascript source code failed

Import trace:
  Server Component:
    ./components/admin/AdminCourseManager.tsx
    ./app/dashboard/admin/courses/page.tsx @ http://localhost:3000/_next/static/chunks/node_modules_next_dist_0u_w_5s._.js:1945
[   15258ms] [ERROR] ./components/admin/AdminCourseManager.tsx:492:15
Expected '</', got '}'
  490 |                 </button>
  491 |               </li>
> 492 |             ))}
      |               ^
  493 |           </ul>
  494 |         </div>
  495 |

Parsing ecmascript source code failed

Import trace:
  Server Component:
    ./components/admin/AdminCourseManager.tsx
    ./app/dashboard/admin/courses/page.tsx @ http://localhost:3000/_next/static/chunks/node_modules_next_dist_0u_w_5s._.js:1945
[   15323ms] [ERROR] ./components/admin/AdminCourseManager.tsx:492:15
Expected '</', got '}'
  490 |                 </button>
  491 |               </li>
> 492 |             ))}
      |               ^
  493 |           </ul>
  494 |         </div>
  495 |

Parsing ecmascript source code failed

Import trace:
  Server Component:
    ./components/admin/AdminCourseManager.tsx
    ./app/dashboard/admin/courses/page.tsx @ http://localhost:3000/_next/static/chunks/node_modules_next_dist_0u_w_5s._.js:1945
[   15382ms] [ERROR] ./components/admin/AdminCourseManager.tsx:492:15
Expected '</', got '}'
  490 |                 </button>
  491 |               </li>
> 492 |             ))}
      |               ^
  493 |           </ul>
  494 |         </div>
  495 |

Parsing ecmascript source code failed

Import trace:
  Server Component:
    ./components/admin/AdminCourseManager.tsx
    ./app/dashboard/admin/courses/page.tsx @ http://localhost:3000/_next/static/chunks/node_modules_next_dist_0u_w_5s._.js:1945
[   15445ms] [ERROR] ./components/admin/AdminCourseManager.tsx:492:15
Expected '</', got '}'
  490 |                 </button>
  491 |               </li>
> 492 |             ))}
      |               ^
  493 |           </ul>
  494 |         </div>
  495 |

Parsing ecmascript source code failed

Import trace:
  Server Component:
    ./components/admin/AdminCourseManager.tsx
    ./app/dashboard/admin/courses/page.tsx @ http://localhost:3000/_next/static/chunks/node_modules_next_dist_0u_w_5s._.js:1945
[   15509ms] [ERROR] ./components/admin/AdminCourseManager.tsx:492:15
Expected '</', got '}'
  490 |                 </button>
  491 |               </li>
> 492 |             ))}
      |               ^
  493 |           </ul>
  494 |         </div>
  495 |

Parsing ecmascript source code failed

Import trace:
  Server Component:
    ./components/admin/AdminCourseManager.tsx
    ./app/dashboard/admin/courses/page.tsx @ http://localhost:3000/_next/static/chunks/node_modules_next_dist_0u_w_5s._.js:1945
[   15571ms] [ERROR] ./components/admin/AdminCourseManager.tsx:492:15
Expected '</', got '}'
  490 |                 </button>
  491 |               </li>
> 492 |             ))}
      |               ^
  493 |           </ul>
  494 |         </div>
  495 |

Parsing ecmascript source code failed

Import trace:
  Server Component:
    ./components/admin/AdminCourseManager.tsx
    ./app/dashboard/admin/courses/page.tsx @ http://localhost:3000/_next/static/chunks/node_modules_next_dist_0u_w_5s._.js:1945
[   15634ms] [ERROR] ./components/admin/AdminCourseManager.tsx:492:15
Expected '</', got '}'
  490 |                 </button>
  491 |               </li>
> 492 |             ))}
      |               ^
  493 |           </ul>
  494 |         </div>
  495 |

Parsing ecmascript source code failed

Import trace:
  Server Component:
    ./components/admin/AdminCourseManager.tsx
    ./app/dashboard/admin/courses/page.tsx @ http://localhost:3000/_next/static/chunks/node_modules_next_dist_0u_w_5s._.js:1945
[   15700ms] [ERROR] ./components/admin/AdminCourseManager.tsx:492:15
Expected '</', got '}'
  490 |                 </button>
  491 |               </li>
> 492 |             ))}
      |               ^
  493 |           </ul>
  494 |         </div>
  495 |

Parsing ecmascript source code failed

Import trace:
  Server Component:
    ./components/admin/AdminCourseManager.tsx
    ./app/dashboard/admin/courses/page.tsx @ http://localhost:3000/_next/static/chunks/node_modules_next_dist_0u_w_5s._.js:1945
[   15758ms] [ERROR] ./components/admin/AdminCourseManager.tsx:492:15
Expected '</', got '}'
  490 |                 </button>
  491 |               </li>
> 492 |             ))}
      |               ^
  493 |           </ul>
  494 |         </div>
  495 |

Parsing ecmascript source code failed

Import trace:
  Server Component:
    ./components/admin/AdminCourseManager.tsx
    ./app/dashboard/admin/courses/page.tsx @ http://localhost:3000/_next/static/chunks/node_modules_next_dist_0u_w_5s._.js:1945
[   15821ms] [ERROR] ./components/admin/AdminCourseManager.tsx:492:15
Expected '</', got '}'
  490 |                 </button>
  491 |               </li>
> 492 |             ))}
      |               ^
  493 |           </ul>
  494 |         </div>
  495 |

Parsing ecmascript source code failed

Import trace:
  Server Component:
    ./components/admin/AdminCourseManager.tsx
    ./app/dashboard/admin/courses/page.tsx @ http://localhost:3000/_next/static/chunks/node_modules_next_dist_0u_w_5s._.js:1945
[   15882ms] [ERROR] ./components/admin/AdminCourseManager.tsx:492:15
Expected '</', got '}'
  490 |                 </button>
  491 |               </li>
> 492 |             ))}
      |               ^
  493 |           </ul>
  494 |         </div>
  495 |

Parsing ecmascript source code failed

Import trace:
  Server Component:
    ./components/admin/AdminCourseManager.tsx
    ./app/dashboard/admin/courses/page.tsx @ http://localhost:3000/_next/static/chunks/node_modules_next_dist_0u_w_5s._.js:1945
[   15943ms] [ERROR] ./components/admin/AdminCourseManager.tsx:492:15
Expected '</', got '}'
  490 |                 </button>
  491 |               </li>
> 492 |             ))}
      |               ^
  493 |           </ul>
  494 |         </div>
  495 |

Parsing ecmascript source code failed

Import trace:
  Server Component:
    ./components/admin/AdminCourseManager.tsx
    ./app/dashboard/admin/courses/page.tsx @ http://localhost:3000/_next/static/chunks/node_modules_next_dist_0u_w_5s._.js:1945
[   16005ms] [ERROR] ./components/admin/AdminCourseManager.tsx:492:15
Expected '</', got '}'
  490 |                 </button>
  491 |               </li>
> 492 |             ))}
      |               ^
  493 |           </ul>
  494 |         </div>
  495 |

Parsing ecmascript source code failed

Import trace:
  Server Component:
    ./components/admin/AdminCourseManager.tsx
    ./app/dashboard/admin/courses/page.tsx @ http://localhost:3000/_next/static/chunks/node_modules_next_dist_0u_w_5s._.js:1945
[   16067ms] [ERROR] ./components/admin/AdminCourseManager.tsx:492:15
Expected '</', got '}'
  490 |                 </button>
  491 |               </li>
> 492 |             ))}
      |               ^
  493 |           </ul>
  494 |         </div>
  495 |

Parsing ecmascript source code failed

Import trace:
  Server Component:
    ./components/admin/AdminCourseManager.tsx
    ./app/dashboard/admin/courses/page.tsx @ http://localhost:3000/_next/static/chunks/node_modules_next_dist_0u_w_5s._.js:1945
[   16130ms] [ERROR] ./components/admin/AdminCourseManager.tsx:492:15
Expected '</', got '}'
  490 |                 </button>
  491 |               </li>
> 492 |             ))}
      |               ^
  493 |           </ul>
  494 |         </div>
  495 |

Parsing ecmascript source code failed

Import trace:
  Server Component:
    ./components/admin/AdminCourseManager.tsx
    ./app/dashboard/admin/courses/page.tsx @ http://localhost:3000/_next/static/chunks/node_modules_next_dist_0u_w_5s._.js:1945
[   16193ms] [ERROR] ./components/admin/AdminCourseManager.tsx:492:15
Expected '</', got '}'
  490 |                 </button>
  491 |               </li>
> 492 |             ))}
      |               ^
  493 |           </ul>
  494 |         </div>
  495 |

Parsing ecmascript source code failed

Import trace:
  Server Component:
    ./components/admin/AdminCourseManager.tsx
    ./app/dashboard/admin/courses/page.tsx @ http://localhost:3000/_next/static/chunks/node_modules_next_dist_0u_w_5s._.js:1945
[   16254ms] [ERROR] ./components/admin/AdminCourseManager.tsx:492:15
Expected '</', got '}'
  490 |                 </button>
  491 |               </li>
> 492 |             ))}
      |               ^
  493 |           </ul>
  494 |         </div>
  495 |

Parsing ecmascript source code failed

Import trace:
  Server Component:
    ./components/admin/AdminCourseManager.tsx
    ./app/dashboard/admin/courses/page.tsx @ http://localhost:3000/_next/static/chunks/node_modules_next_dist_0u_w_5s._.js:1945
[   16324ms] [ERROR] ./components/admin/AdminCourseManager.tsx:492:15
Expected '</', got '}'
  490 |                 </button>
  491 |               </li>
> 492 |             ))}
      |               ^
  493 |           </ul>
  494 |         </div>
  495 |

Parsing ecmascript source code failed

Import trace:
  Server Component:
    ./components/admin/AdminCourseManager.tsx
    ./app/dashboard/admin/courses/page.tsx @ http://localhost:3000/_next/static/chunks/node_modules_next_dist_0u_w_5s._.js:1945
[   16379ms] [ERROR] ./components/admin/AdminCourseManager.tsx:492:15
Expected '</', got '}'
  490 |                 </button>
  491 |               </li>
> 492 |             ))}
      |               ^
  493 |           </ul>
  494 |         </div>
  495 |

Parsing ecmascript source code failed

Import trace:
  Server Component:
    ./components/admin/AdminCourseManager.tsx
    ./app/dashboard/admin/courses/page.tsx @ http://localhost:3000/_next/static/chunks/node_modules_next_dist_0u_w_5s._.js:1945
[   16442ms] [ERROR] ./components/admin/AdminCourseManager.tsx:492:15
Expected '</', got '}'
  490 |                 </button>
  491 |               </li>
> 492 |             ))}
      |               ^
  493 |           </ul>
  494 |         </div>
  495 |

Parsing ecmascript source code failed

Import trace:
  Server Component:
    ./components/admin/AdminCourseManager.tsx
    ./app/dashboard/admin/courses/page.tsx @ http://localhost:3000/_next/static/chunks/node_modules_next_dist_0u_w_5s._.js:1945
[   16504ms] [ERROR] ./components/admin/AdminCourseManager.tsx:492:15
Expected '</', got '}'
  490 |                 </button>
  491 |               </li>
> 492 |             ))}
      |               ^
  493 |           </ul>
  494 |         </div>
  495 |

Parsing ecmascript source code failed

Import trace:
  Server Component:
    ./components/admin/AdminCourseManager.tsx
    ./app/dashboard/admin/courses/page.tsx @ http://localhost:3000/_next/static/chunks/node_modules_next_dist_0u_w_5s._.js:1945
[   16567ms] [ERROR] ./components/admin/AdminCourseManager.tsx:492:15
Expected '</', got '}'
  490 |                 </button>
  491 |               </li>
> 492 |             ))}
      |               ^
  493 |           </ul>
  494 |         </div>
  495 |

Parsing ecmascript source code failed

Import trace:
  Server Component:
    ./components/admin/AdminCourseManager.tsx
    ./app/dashboard/admin/courses/page.tsx @ http://localhost:3000/_next/static/chunks/node_modules_next_dist_0u_w_5s._.js:1945
[   16628ms] [ERROR] ./components/admin/AdminCourseManager.tsx:492:15
Expected '</', got '}'
  490 |                 </button>
  491 |               </li>
> 492 |             ))}
      |               ^
  493 |           </ul>
  494 |         </div>
  495 |

Parsing ecmascript source code failed

Import trace:
  Server Component:
    ./components/admin/AdminCourseManager.tsx
    ./app/dashboard/admin/courses/page.tsx @ http://localhost:3000/_next/static/chunks/node_modules_next_dist_0u_w_5s._.js:1945
[   16691ms] [ERROR] ./components/admin/AdminCourseManager.tsx:492:15
Expected '</', got '}'
  490 |                 </button>
  491 |               </li>
> 492 |             ))}
      |               ^
  493 |           </ul>
  494 |         </div>
  495 |

Parsing ecmascript source code failed

Import trace:
  Server Component:
    ./components/admin/AdminCourseManager.tsx
    ./app/dashboard/admin/courses/page.tsx @ http://localhost:3000/_next/static/chunks/node_modules_next_dist_0u_w_5s._.js:1945
[   16754ms] [ERROR] ./components/admin/AdminCourseManager.tsx:492:15
Expected '</', got '}'
  490 |                 </button>
  491 |               </li>
> 492 |             ))}
      |               ^
  493 |           </ul>
  494 |         </div>
  495 |

Parsing ecmascript source code failed

Import trace:
  Server Component:
    ./components/admin/AdminCourseManager.tsx
    ./app/dashboard/admin/courses/page.tsx @ http://localhost:3000/_next/static/chunks/node_modules_next_dist_0u_w_5s._.js:1945
[   16817ms] [ERROR] ./components/admin/AdminCourseManager.tsx:492:15
Expected '</', got '}'
  490 |                 </button>
  491 |               </li>
> 492 |             ))}
      |               ^
  493 |           </ul>
  494 |         </div>
  495 |

Parsing ecmascript source code failed

Import trace:
  Server Component:
    ./components/admin/AdminCourseManager.tsx
    ./app/dashboard/admin/courses/page.tsx @ http://localhost:3000/_next/static/chunks/node_modules_next_dist_0u_w_5s._.js:1945
[   16880ms] [ERROR] ./components/admin/AdminCourseManager.tsx:492:15
Expected '</', got '}'
  490 |                 </button>
  491 |               </li>
> 492 |             ))}
      |               ^
  493 |           </ul>
  494 |         </div>
  495 |

Parsing ecmascript source code failed

Import trace:
  Server Component:
    ./components/admin/AdminCourseManager.tsx
    ./app/dashboard/admin/courses/page.tsx @ http://localhost:3000/_next/static/chunks/node_modules_next_dist_0u_w_5s._.js:1945
[   16942ms] [ERROR] ./components/admin/AdminCourseManager.tsx:492:15
Expected '</', got '}'
  490 |                 </button>
  491 |               </li>
> 492 |             ))}
      |               ^
  493 |           </ul>
  494 |         </div>
  495 |

Parsing ecmascript source code failed

Import trace:
  Server Component:
    ./components/admin/AdminCourseManager.tsx
    ./app/dashboard/admin/courses/page.tsx @ http://localhost:3000/_next/static/chunks/node_modules_next_dist_0u_w_5s._.js:1945
[   17006ms] [ERROR] ./components/admin/AdminCourseManager.tsx:492:15
Expected '</', got '}'
  490 |                 </button>
  491 |               </li>
> 492 |             ))}
      |               ^
  493 |           </ul>
  494 |         </div>
  495 |

Parsing ecmascript source code failed

Import trace:
  Server Component:
    ./components/admin/AdminCourseManager.tsx
    ./app/dashboard/admin/courses/page.tsx @ http://localhost:3000/_next/static/chunks/node_modules_next_dist_0u_w_5s._.js:1945
[   17068ms] [ERROR] ./components/admin/AdminCourseManager.tsx:492:15
Expected '</', got '}'
  490 |                 </button>
  491 |               </li>
> 492 |             ))}
      |               ^
  493 |           </ul>
  494 |         </div>
  495 |

Parsing ecmascript source code failed

Import trace:
  Server Component:
    ./components/admin/AdminCourseManager.tsx
    ./app/dashboard/admin/courses/page.tsx @ http://localhost:3000/_next/static/chunks/node_modules_next_dist_0u_w_5s._.js:1945
[   17131ms] [ERROR] ./components/admin/AdminCourseManager.tsx:492:15
Expected '</', got '}'
  490 |                 </button>
  491 |               </li>
> 492 |             ))}
      |               ^
  493 |           </ul>
  494 |         </div>
  495 |

Parsing ecmascript source code failed

Import trace:
  Server Component:
    ./components/admin/AdminCourseManager.tsx
    ./app/dashboard/admin/courses/page.tsx @ http://localhost:3000/_next/static/chunks/node_modules_next_dist_0u_w_5s._.js:1945
[   17193ms] [ERROR] ./components/admin/AdminCourseManager.tsx:492:15
Expected '</', got '}'
  490 |                 </button>
  491 |               </li>
> 492 |             ))}
      |               ^
  493 |           </ul>
  494 |         </div>
  495 |

Parsing ecmascript source code failed

Import trace:
  Server Component:
    ./components/admin/AdminCourseManager.tsx
    ./app/dashboard/admin/courses/page.tsx @ http://localhost:3000/_next/static/chunks/node_modules_next_dist_0u_w_5s._.js:1945
[   17254ms] [ERROR] ./components/admin/AdminCourseManager.tsx:492:15
Expected '</', got '}'
  490 |                 </button>
  491 |               </li>
> 492 |             ))}
      |               ^
  493 |           </ul>
  494 |         </div>
  495 |

Parsing ecmascript source code failed

Import trace:
  Server Component:
    ./components/admin/AdminCourseManager.tsx
    ./app/dashboard/admin/courses/page.tsx @ http://localhost:3000/_next/static/chunks/node_modules_next_dist_0u_w_5s._.js:1945
[   17323ms] [ERROR] ./components/admin/AdminCourseManager.tsx:492:15
Expected '</', got '}'
  490 |                 </button>
  491 |               </li>
> 492 |             ))}
      |               ^
  493 |           </ul>
  494 |         </div>
  495 |

Parsing ecmascript source code failed

Import trace:
  Server Component:
    ./components/admin/AdminCourseManager.tsx
    ./app/dashboard/admin/courses/page.tsx @ http://localhost:3000/_next/static/chunks/node_modules_next_dist_0u_w_5s._.js:1945
[   17379ms] [ERROR] ./components/admin/AdminCourseManager.tsx:492:15
Expected '</', got '}'
  490 |                 </button>
  491 |               </li>
> 492 |             ))}
      |               ^
  493 |           </ul>
  494 |         </div>
  495 |

Parsing ecmascript source code failed

Import trace:
  Server Component:
    ./components/admin/AdminCourseManager.tsx
    ./app/dashboard/admin/courses/page.tsx @ http://localhost:3000/_next/static/chunks/node_modules_next_dist_0u_w_5s._.js:1945
[   17442ms] [ERROR] ./components/admin/AdminCourseManager.tsx:492:15
Expected '</', got '}'
  490 |                 </button>
  491 |               </li>
> 492 |             ))}
      |               ^
  493 |           </ul>
  494 |         </div>
  495 |

Parsing ecmascript source code failed

Import trace:
  Server Component:
    ./components/admin/AdminCourseManager.tsx
    ./app/dashboard/admin/courses/page.tsx @ http://localhost:3000/_next/static/chunks/node_modules_next_dist_0u_w_5s._.js:1945
[   17505ms] [ERROR] ./components/admin/AdminCourseManager.tsx:492:15
Expected '</', got '}'
  490 |                 </button>
  491 |               </li>
> 492 |             ))}
      |               ^
  493 |           </ul>
  494 |         </div>
  495 |

Parsing ecmascript source code failed

Import trace:
  Server Component:
    ./components/admin/AdminCourseManager.tsx
    ./app/dashboard/admin/courses/page.tsx @ http://localhost:3000/_next/static/chunks/node_modules_next_dist_0u_w_5s._.js:1945
[   17567ms] [ERROR] ./components/admin/AdminCourseManager.tsx:492:15
Expected '</', got '}'
  490 |                 </button>
  491 |               </li>
> 492 |             ))}
      |               ^
  493 |           </ul>
  494 |         </div>
  495 |

Parsing ecmascript source code failed

Import trace:
  Server Component:
    ./components/admin/AdminCourseManager.tsx
    ./app/dashboard/admin/courses/page.tsx @ http://localhost:3000/_next/static/chunks/node_modules_next_dist_0u_w_5s._.js:1945
[   17630ms] [ERROR] ./components/admin/AdminCourseManager.tsx:492:15
Expected '</', got '}'
  490 |                 </button>
  491 |               </li>
> 492 |             ))}
      |               ^
  493 |           </ul>
  494 |         </div>
  495 |

Parsing ecmascript source code failed

Import trace:
  Server Component:
    ./components/admin/AdminCourseManager.tsx
    ./app/dashboard/admin/courses/page.tsx @ http://localhost:3000/_next/static/chunks/node_modules_next_dist_0u_w_5s._.js:1945
[   17694ms] [ERROR] ./components/admin/AdminCourseManager.tsx:492:15
Expected '</', got '}'
  490 |                 </button>
  491 |               </li>
> 492 |             ))}
      |               ^
  493 |           </ul>
  494 |         </div>
  495 |

Parsing ecmascript source code failed

Import trace:
  Server Component:
    ./components/admin/AdminCourseManager.tsx
    ./app/dashboard/admin/courses/page.tsx @ http://localhost:3000/_next/static/chunks/node_modules_next_dist_0u_w_5s._.js:1945
[   17757ms] [ERROR] ./components/admin/AdminCourseManager.tsx:492:15
Expected '</', got '}'
  490 |                 </button>
  491 |               </li>
> 492 |             ))}
      |               ^
  493 |           </ul>
  494 |         </div>
  495 |

Parsing ecmascript source code failed

Import trace:
  Server Component:
    ./components/admin/AdminCourseManager.tsx
    ./app/dashboard/admin/courses/page.tsx @ http://localhost:3000/_next/static/chunks/node_modules_next_dist_0u_w_5s._.js:1945
[   17819ms] [ERROR] ./components/admin/AdminCourseManager.tsx:492:15
Expected '</', got '}'
  490 |                 </button>
  491 |               </li>
> 492 |             ))}
      |               ^
  493 |           </ul>
  494 |         </div>
  495 |

Parsing ecmascript source code failed

Import trace:
  Server Component:
    ./components/admin/AdminCourseManager.tsx
    ./app/dashboard/admin/courses/page.tsx @ http://localhost:3000/_next/static/chunks/node_modules_next_dist_0u_w_5s._.js:1945
[   17882ms] [ERROR] ./components/admin/AdminCourseManager.tsx:492:15
Expected '</', got '}'
  490 |                 </button>
  491 |               </li>
> 492 |             ))}
      |               ^
  493 |           </ul>
  494 |         </div>
  495 |

Parsing ecmascript source code failed

Import trace:
  Server Component:
    ./components/admin/AdminCourseManager.tsx
    ./app/dashboard/admin/courses/page.tsx @ http://localhost:3000/_next/static/chunks/node_modules_next_dist_0u_w_5s._.js:1945
[   17947ms] [ERROR] ./components/admin/AdminCourseManager.tsx:492:15
Expected '</', got '}'
  490 |                 </button>
  491 |               </li>
> 492 |             ))}
      |               ^
  493 |           </ul>
  494 |         </div>
  495 |

Parsing ecmascript source code failed

Import trace:
  Server Component:
    ./components/admin/AdminCourseManager.tsx
    ./app/dashboard/admin/courses/page.tsx @ http://localhost:3000/_next/static/chunks/node_modules_next_dist_0u_w_5s._.js:1945
[   18009ms] [ERROR] ./components/admin/AdminCourseManager.tsx:492:15
Expected '</', got '}'
  490 |                 </button>
  491 |               </li>
> 492 |             ))}
      |               ^
  493 |           </ul>
  494 |         </div>
  495 |

Parsing ecmascript source code failed

Import trace:
  Server Component:
    ./components/admin/AdminCourseManager.tsx
    ./app/dashboard/admin/courses/page.tsx @ http://localhost:3000/_next/static/chunks/node_modules_next_dist_0u_w_5s._.js:1945
[   18069ms] [ERROR] ./components/admin/AdminCourseManager.tsx:492:15
Expected '</', got '}'
  490 |                 </button>
  491 |               </li>
> 492 |             ))}
      |               ^
  493 |           </ul>
  494 |         </div>
  495 |

Parsing ecmascript source code failed

Import trace:
  Server Component:
    ./components/admin/AdminCourseManager.tsx
    ./app/dashboard/admin/courses/page.tsx @ http://localhost:3000/_next/static/chunks/node_modules_next_dist_0u_w_5s._.js:1945
[   18131ms] [ERROR] ./components/admin/AdminCourseManager.tsx:492:15
Expected '</', got '}'
  490 |                 </button>
  491 |               </li>
> 492 |             ))}
      |               ^
  493 |           </ul>
  494 |         </div>
  495 |

Parsing ecmascript source code failed

Import trace:
  Server Component:
    ./components/admin/AdminCourseManager.tsx
    ./app/dashboard/admin/courses/page.tsx @ http://localhost:3000/_next/static/chunks/node_modules_next_dist_0u_w_5s._.js:1945
[   18194ms] [ERROR] ./components/admin/AdminCourseManager.tsx:492:15
Expected '</', got '}'
  490 |                 </button>
  491 |               </li>
> 492 |             ))}
      |               ^
  493 |           </ul>
  494 |         </div>
  495 |

Parsing ecmascript source code failed

Import trace:
  Server Component:
    ./components/admin/AdminCourseManager.tsx
    ./app/dashboard/admin/courses/page.tsx @ http://localhost:3000/_next/static/chunks/node_modules_next_dist_0u_w_5s._.js:1945
[   18256ms] [ERROR] ./components/admin/AdminCourseManager.tsx:492:15
Expected '</', got '}'
  490 |                 </button>
  491 |               </li>
> 492 |             ))}
      |               ^
  493 |           </ul>
  494 |         </div>
  495 |

Parsing ecmascript source code failed

Import trace:
  Server Component:
    ./components/admin/AdminCourseManager.tsx
    ./app/dashboard/admin/courses/page.tsx @ http://localhost:3000/_next/static/chunks/node_modules_next_dist_0u_w_5s._.js:1945
[   18327ms] [ERROR] ./components/admin/AdminCourseManager.tsx:492:15
Expected '</', got '}'
  490 |                 </button>
  491 |               </li>
> 492 |             ))}
      |               ^
  493 |           </ul>
  494 |         </div>
  495 |

Parsing ecmascript source code failed

Import trace:
  Server Component:
    ./components/admin/AdminCourseManager.tsx
    ./app/dashboard/admin/courses/page.tsx @ http://localhost:3000/_next/static/chunks/node_modules_next_dist_0u_w_5s._.js:1945
[   18380ms] [ERROR] ./components/admin/AdminCourseManager.tsx:492:15
Expected '</', got '}'
  490 |                 </button>
  491 |               </li>
> 492 |             ))}
      |               ^
  493 |           </ul>
  494 |         </div>
  495 |

Parsing ecmascript source code failed

Import trace:
  Server Component:
    ./components/admin/AdminCourseManager.tsx
    ./app/dashboard/admin/courses/page.tsx @ http://localhost:3000/_next/static/chunks/node_modules_next_dist_0u_w_5s._.js:1945
[   18444ms] [ERROR] ./components/admin/AdminCourseManager.tsx:492:15
Expected '</', got '}'
  490 |                 </button>
  491 |               </li>
> 492 |             ))}
      |               ^
  493 |           </ul>
  494 |         </div>
  495 |

Parsing ecmascript source code failed

Import trace:
  Server Component:
    ./components/admin/AdminCourseManager.tsx
    ./app/dashboard/admin/courses/page.tsx @ http://localhost:3000/_next/static/chunks/node_modules_next_dist_0u_w_5s._.js:1945
[   18505ms] [ERROR] ./components/admin/AdminCourseManager.tsx:492:15
Expected '</', got '}'
  490 |                 </button>
  491 |               </li>
> 492 |             ))}
      |               ^
  493 |           </ul>
  494 |         </div>
  495 |

Parsing ecmascript source code failed

Import trace:
  Server Component:
    ./components/admin/AdminCourseManager.tsx
    ./app/dashboard/admin/courses/page.tsx @ http://localhost:3000/_next/static/chunks/node_modules_next_dist_0u_w_5s._.js:1945
[   18567ms] [ERROR] ./components/admin/AdminCourseManager.tsx:492:15
Expected '</', got '}'
  490 |                 </button>
  491 |               </li>
> 492 |             ))}
      |               ^
  493 |           </ul>
  494 |         </div>
  495 |

Parsing ecmascript source code failed

Import trace:
  Server Component:
    ./components/admin/AdminCourseManager.tsx
    ./app/dashboard/admin/courses/page.tsx @ http://localhost:3000/_next/static/chunks/node_modules_next_dist_0u_w_5s._.js:1945
[   18629ms] [ERROR] ./components/admin/AdminCourseManager.tsx:492:15
Expected '</', got '}'
  490 |                 </button>
  491 |               </li>
> 492 |             ))}
      |               ^
  493 |           </ul>
  494 |         </div>
  495 |

Parsing ecmascript source code failed

Import trace:
  Server Component:
    ./components/admin/AdminCourseManager.tsx
    ./app/dashboard/admin/courses/page.tsx @ http://localhost:3000/_next/static/chunks/node_modules_next_dist_0u_w_5s._.js:1945
[   18692ms] [ERROR] ./components/admin/AdminCourseManager.tsx:492:15
Expected '</', got '}'
  490 |                 </button>
  491 |               </li>
> 492 |             ))}
      |               ^
  493 |           </ul>
  494 |         </div>
  495 |

Parsing ecmascript source code failed

Import trace:
  Server Component:
    ./components/admin/AdminCourseManager.tsx
    ./app/dashboard/admin/courses/page.tsx @ http://localhost:3000/_next/static/chunks/node_modules_next_dist_0u_w_5s._.js:1945
[   18756ms] [ERROR] ./components/admin/AdminCourseManager.tsx:492:15
Expected '</', got '}'
  490 |                 </button>
  491 |               </li>
> 492 |             ))}
      |               ^
  493 |           </ul>
  494 |         </div>
  495 |

Parsing ecmascript source code failed

Import trace:
  Server Component:
    ./components/admin/AdminCourseManager.tsx
    ./app/dashboard/admin/courses/page.tsx @ http://localhost:3000/_next/static/chunks/node_modules_next_dist_0u_w_5s._.js:1945
[   18818ms] [ERROR] ./components/admin/AdminCourseManager.tsx:492:15
Expected '</', got '}'
  490 |                 </button>
  491 |               </li>
> 492 |             ))}
      |               ^
  493 |           </ul>
  494 |         </div>
  495 |

Parsing ecmascript source code failed

Import trace:
  Server Component:
    ./components/admin/AdminCourseManager.tsx
    ./app/dashboard/admin/courses/page.tsx @ http://localhost:3000/_next/static/chunks/node_modules_next_dist_0u_w_5s._.js:1945
[   18881ms] [ERROR] ./components/admin/AdminCourseManager.tsx:492:15
Expected '</', got '}'
  490 |                 </button>
  491 |               </li>
> 492 |             ))}
      |               ^
  493 |           </ul>
  494 |         </div>
  495 |

Parsing ecmascript source code failed

Import trace:
  Server Component:
    ./components/admin/AdminCourseManager.tsx
    ./app/dashboard/admin/courses/page.tsx @ http://localhost:3000/_next/static/chunks/node_modules_next_dist_0u_w_5s._.js:1945
[   18944ms] [ERROR] ./components/admin/AdminCourseManager.tsx:492:15
Expected '</', got '}'
  490 |                 </button>
  491 |               </li>
> 492 |             ))}
      |               ^
  493 |           </ul>
  494 |         </div>
  495 |

Parsing ecmascript source code failed

Import trace:
  Server Component:
    ./components/admin/AdminCourseManager.tsx
    ./app/dashboard/admin/courses/page.tsx @ http://localhost:3000/_next/static/chunks/node_modules_next_dist_0u_w_5s._.js:1945
[   19007ms] [ERROR] ./components/admin/AdminCourseManager.tsx:492:15
Expected '</', got '}'
  490 |                 </button>
  491 |               </li>
> 492 |             ))}
      |               ^
  493 |           </ul>
  494 |         </div>
  495 |

Parsing ecmascript source code failed

Import trace:
  Server Component:
    ./components/admin/AdminCourseManager.tsx
    ./app/dashboard/admin/courses/page.tsx @ http://localhost:3000/_next/static/chunks/node_modules_next_dist_0u_w_5s._.js:1945
[   19068ms] [ERROR] ./components/admin/AdminCourseManager.tsx:492:15
Expected '</', got '}'
  490 |                 </button>
  491 |               </li>
> 492 |             ))}
      |               ^
  493 |           </ul>
  494 |         </div>
  495 |

Parsing ecmascript source code failed

Import trace:
  Server Component:
    ./components/admin/AdminCourseManager.tsx
    ./app/dashboard/admin/courses/page.tsx @ http://localhost:3000/_next/static/chunks/node_modules_next_dist_0u_w_5s._.js:1945
[   19130ms] [ERROR] ./components/admin/AdminCourseManager.tsx:492:15
Expected '</', got '}'
  490 |                 </button>
  491 |               </li>
> 492 |             ))}
      |               ^
  493 |           </ul>
  494 |         </div>
  495 |

Parsing ecmascript source code failed

Import trace:
  Server Component:
    ./components/admin/AdminCourseManager.tsx
    ./app/dashboard/admin/courses/page.tsx @ http://localhost:3000/_next/static/chunks/node_modules_next_dist_0u_w_5s._.js:1945
[   19193ms] [ERROR] ./components/admin/AdminCourseManager.tsx:492:15
Expected '</', got '}'
  490 |                 </button>
  491 |               </li>
> 492 |             ))}
      |               ^
  493 |           </ul>
  494 |         </div>
  495 |

Parsing ecmascript source code failed

Import trace:
  Server Component:
    ./components/admin/AdminCourseManager.tsx
    ./app/dashboard/admin/courses/page.tsx @ http://localhost:3000/_next/static/chunks/node_modules_next_dist_0u_w_5s._.js:1945
[   19255ms] [ERROR] ./components/admin/AdminCourseManager.tsx:492:15
Expected '</', got '}'
  490 |                 </button>
  491 |               </li>
> 492 |             ))}
      |               ^
  493 |           </ul>
  494 |         </div>
  495 |

Parsing ecmascript source code failed

Import trace:
  Server Component:
    ./components/admin/AdminCourseManager.tsx
    ./app/dashboard/admin/courses/page.tsx @ http://localhost:3000/_next/static/chunks/node_modules_next_dist_0u_w_5s._.js:1945
[   19323ms] [ERROR] ./components/admin/AdminCourseManager.tsx:492:15
Expected '</', got '}'
  490 |                 </button>
  491 |               </li>
> 492 |             ))}
      |               ^
  493 |           </ul>
  494 |         </div>
  495 |

Parsing ecmascript source code failed

Import trace:
  Server Component:
    ./components/admin/AdminCourseManager.tsx
    ./app/dashboard/admin/courses/page.tsx @ http://localhost:3000/_next/static/chunks/node_modules_next_dist_0u_w_5s._.js:1945
[   19380ms] [ERROR] ./components/admin/AdminCourseManager.tsx:492:15
Expected '</', got '}'
  490 |                 </button>
  491 |               </li>
> 492 |             ))}
      |               ^
  493 |           </ul>
  494 |         </div>
  495 |

Parsing ecmascript source code failed

Import trace:
  Server Component:
    ./components/admin/AdminCourseManager.tsx
    ./app/dashboard/admin/courses/page.tsx @ http://localhost:3000/_next/static/chunks/node_modules_next_dist_0u_w_5s._.js:1945
[   19443ms] [ERROR] ./components/admin/AdminCourseManager.tsx:492:15
Expected '</', got '}'
  490 |                 </button>
  491 |               </li>
> 492 |             ))}
      |               ^
  493 |           </ul>
  494 |         </div>
  495 |

Parsing ecmascript source code failed

Import trace:
  Server Component:
    ./components/admin/AdminCourseManager.tsx
    ./app/dashboard/admin/courses/page.tsx @ http://localhost:3000/_next/static/chunks/node_modules_next_dist_0u_w_5s._.js:1945
[   19505ms] [ERROR] ./components/admin/AdminCourseManager.tsx:492:15
Expected '</', got '}'
  490 |                 </button>
  491 |               </li>
> 492 |             ))}
      |               ^
  493 |           </ul>
  494 |         </div>
  495 |

Parsing ecmascript source code failed

Import trace:
  Server Component:
    ./components/admin/AdminCourseManager.tsx
    ./app/dashboard/admin/courses/page.tsx @ http://localhost:3000/_next/static/chunks/node_modules_next_dist_0u_w_5s._.js:1945
[   19566ms] [ERROR] ./components/admin/AdminCourseManager.tsx:492:15
Expected '</', got '}'
  490 |                 </button>
  491 |               </li>
> 492 |             ))}
      |               ^
  493 |           </ul>
  494 |         </div>
  495 |

Parsing ecmascript source code failed

Import trace:
  Server Component:
    ./components/admin/AdminCourseManager.tsx
    ./app/dashboard/admin/courses/page.tsx @ http://localhost:3000/_next/static/chunks/node_modules_next_dist_0u_w_5s._.js:1945
[   19629ms] [ERROR] ./components/admin/AdminCourseManager.tsx:492:15
Expected '</', got '}'
  490 |                 </button>
  491 |               </li>
> 492 |             ))}
      |               ^
  493 |           </ul>
  494 |         </div>
  495 |

Parsing ecmascript source code failed

Import trace:
  Server Component:
    ./components/admin/AdminCourseManager.tsx
    ./app/dashboard/admin/courses/page.tsx @ http://localhost:3000/_next/static/chunks/node_modules_next_dist_0u_w_5s._.js:1945
[   19692ms] [ERROR] ./components/admin/AdminCourseManager.tsx:492:15
Expected '</', got '}'
  490 |                 </button>
  491 |               </li>
> 492 |             ))}
      |               ^
  493 |           </ul>
  494 |         </div>
  495 |

Parsing ecmascript source code failed

Import trace:
  Server Component:
    ./components/admin/AdminCourseManager.tsx
    ./app/dashboard/admin/courses/page.tsx @ http://localhost:3000/_next/static/chunks/node_modules_next_dist_0u_w_5s._.js:1945
[   19754ms] [ERROR] ./components/admin/AdminCourseManager.tsx:492:15
Expected '</', got '}'
  490 |                 </button>
  491 |               </li>
> 492 |             ))}
      |               ^
  493 |           </ul>
  494 |         </div>
  495 |

Parsing ecmascript source code failed

Import trace:
  Server Component:
    ./components/admin/AdminCourseManager.tsx
    ./app/dashboard/admin/courses/page.tsx @ http://localhost:3000/_next/static/chunks/node_modules_next_dist_0u_w_5s._.js:1945
[   19815ms] [ERROR] ./components/admin/AdminCourseManager.tsx:492:15
Expected '</', got '}'
  490 |                 </button>
  491 |               </li>
> 492 |             ))}
      |               ^
  493 |           </ul>
  494 |         </div>
  495 |

Parsing ecmascript source code failed

Import trace:
  Server Component:
    ./components/admin/AdminCourseManager.tsx
    ./app/dashboard/admin/courses/page.tsx @ http://localhost:3000/_next/static/chunks/node_modules_next_dist_0u_w_5s._.js:1945
[   19879ms] [ERROR] ./components/admin/AdminCourseManager.tsx:492:15
Expected '</', got '}'
  490 |                 </button>
  491 |               </li>
> 492 |             ))}
      |               ^
  493 |           </ul>
  494 |         </div>
  495 |

Parsing ecmascript source code failed

Import trace:
  Server Component:
    ./components/admin/AdminCourseManager.tsx
    ./app/dashboard/admin/courses/page.tsx @ http://localhost:3000/_next/static/chunks/node_modules_next_dist_0u_w_5s._.js:1945
[   19941ms] [ERROR] ./components/admin/AdminCourseManager.tsx:492:15
Expected '</', got '}'
  490 |                 </button>
  491 |               </li>
> 492 |             ))}
      |               ^
  493 |           </ul>
  494 |         </div>
  495 |

Parsing ecmascript source code failed

Import trace:
  Server Component:
    ./components/admin/AdminCourseManager.tsx
    ./app/dashboard/admin/courses/page.tsx @ http://localhost:3000/_next/static/chunks/node_modules_next_dist_0u_w_5s._.js:1945
[   20004ms] [ERROR] ./components/admin/AdminCourseManager.tsx:492:15
Expected '</', got '}'
  490 |                 </button>
  491 |               </li>
> 492 |             ))}
      |               ^
  493 |           </ul>
  494 |         </div>
  495 |

Parsing ecmascript source code failed

Import trace:
  Server Component:
    ./components/admin/AdminCourseManager.tsx
    ./app/dashboard/admin/courses/page.tsx @ http://localhost:3000/_next/static/chunks/node_modules_next_dist_0u_w_5s._.js:1945
[   20067ms] [ERROR] ./components/admin/AdminCourseManager.tsx:492:15
Expected '</', got '}'
  490 |                 </button>
  491 |               </li>
> 492 |             ))}
      |               ^
  493 |           </ul>
  494 |         </div>
  495 |

Parsing ecmascript source code failed

Import trace:
  Server Component:
    ./components/admin/AdminCourseManager.tsx
    ./app/dashboard/admin/courses/page.tsx @ http://localhost:3000/_next/static/chunks/node_modules_next_dist_0u_w_5s._.js:1945
[   20129ms] [ERROR] ./components/admin/AdminCourseManager.tsx:492:15
Expected '</', got '}'
  490 |                 </button>
  491 |               </li>
> 492 |             ))}
      |               ^
  493 |           </ul>
  494 |         </div>
  495 |

Parsing ecmascript source code failed

Import trace:
  Server Component:
    ./components/admin/AdminCourseManager.tsx
    ./app/dashboard/admin/courses/page.tsx @ http://localhost:3000/_next/static/chunks/node_modules_next_dist_0u_w_5s._.js:1945
[   20191ms] [ERROR] ./components/admin/AdminCourseManager.tsx:492:15
Expected '</', got '}'
  490 |                 </button>
  491 |               </li>
> 492 |             ))}
      |               ^
  493 |           </ul>
  494 |         </div>
  495 |

Parsing ecmascript source code failed

Import trace:
  Server Component:
    ./components/admin/AdminCourseManager.tsx
    ./app/dashboard/admin/courses/page.tsx @ http://localhost:3000/_next/static/chunks/node_modules_next_dist_0u_w_5s._.js:1945
[   20255ms] [ERROR] ./components/admin/AdminCourseManager.tsx:492:15
Expected '</', got '}'
  490 |                 </button>
  491 |               </li>
> 492 |             ))}
      |               ^
  493 |           </ul>
  494 |         </div>
  495 |

Parsing ecmascript source code failed

Import trace:
  Server Component:
    ./components/admin/AdminCourseManager.tsx
    ./app/dashboard/admin/courses/page.tsx @ http://localhost:3000/_next/static/chunks/node_modules_next_dist_0u_w_5s._.js:1945
[   20323ms] [ERROR] ./components/admin/AdminCourseManager.tsx:492:15
Expected '</', got '}'
  490 |                 </button>
  491 |               </li>
> 492 |             ))}
      |               ^
  493 |           </ul>
  494 |         </div>
  495 |

Parsing ecmascript source code failed

Import trace:
  Server Component:
    ./components/admin/AdminCourseManager.tsx
    ./app/dashboard/admin/courses/page.tsx @ http://localhost:3000/_next/static/chunks/node_modules_next_dist_0u_w_5s._.js:1945
[   20378ms] [ERROR] ./components/admin/AdminCourseManager.tsx:492:15
Expected '</', got '}'
  490 |                 </button>
  491 |               </li>
> 492 |             ))}
      |               ^
  493 |           </ul>
  494 |         </div>
  495 |

Parsing ecmascript source code failed

Import trace:
  Server Component:
    ./components/admin/AdminCourseManager.tsx
    ./app/dashboard/admin/courses/page.tsx @ http://localhost:3000/_next/static/chunks/node_modules_next_dist_0u_w_5s._.js:1945
[   20440ms] [ERROR] ./components/admin/AdminCourseManager.tsx:492:15
Expected '</', got '}'
  490 |                 </button>
  491 |               </li>
> 492 |             ))}
      |               ^
  493 |           </ul>
  494 |         </div>
  495 |

Parsing ecmascript source code failed

Import trace:
  Server Component:
    ./components/admin/AdminCourseManager.tsx
    ./app/dashboard/admin/courses/page.tsx @ http://localhost:3000/_next/static/chunks/node_modules_next_dist_0u_w_5s._.js:1945
[   20503ms] [ERROR] ./components/admin/AdminCourseManager.tsx:492:15
Expected '</', got '}'
  490 |                 </button>
  491 |               </li>
> 492 |             ))}
      |               ^
  493 |           </ul>
  494 |         </div>
  495 |

Parsing ecmascript source code failed

Import trace:
  Server Component:
    ./components/admin/AdminCourseManager.tsx
    ./app/dashboard/admin/courses/page.tsx @ http://localhost:3000/_next/static/chunks/node_modules_next_dist_0u_w_5s._.js:1945
[   20567ms] [ERROR] ./components/admin/AdminCourseManager.tsx:492:15
Expected '</', got '}'
  490 |                 </button>
  491 |               </li>
> 492 |             ))}
      |               ^
  493 |           </ul>
  494 |         </div>
  495 |

Parsing ecmascript source code failed

Import trace:
  Server Component:
    ./components/admin/AdminCourseManager.tsx
    ./app/dashboard/admin/courses/page.tsx @ http://localhost:3000/_next/static/chunks/node_modules_next_dist_0u_w_5s._.js:1945
[   20629ms] [ERROR] ./components/admin/AdminCourseManager.tsx:492:15
Expected '</', got '}'
  490 |                 </button>
  491 |               </li>
> 492 |             ))}
      |               ^
  493 |           </ul>
  494 |         </div>
  495 |

Parsing ecmascript source code failed

Import trace:
  Server Component:
    ./components/admin/AdminCourseManager.tsx
    ./app/dashboard/admin/courses/page.tsx @ http://localhost:3000/_next/static/chunks/node_modules_next_dist_0u_w_5s._.js:1945
[   20691ms] [ERROR] ./components/admin/AdminCourseManager.tsx:492:15
Expected '</', got '}'
  490 |                 </button>
  491 |               </li>
> 492 |             ))}
      |               ^
  493 |           </ul>
  494 |         </div>
  495 |

Parsing ecmascript source code failed

Import trace:
  Server Component:
    ./components/admin/AdminCourseManager.tsx
    ./app/dashboard/admin/courses/page.tsx @ http://localhost:3000/_next/static/chunks/node_modules_next_dist_0u_w_5s._.js:1945
[   20755ms] [ERROR] ./components/admin/AdminCourseManager.tsx:492:15
Expected '</', got '}'
  490 |                 </button>
  491 |               </li>
> 492 |             ))}
      |               ^
  493 |           </ul>
  494 |         </div>
  495 |

Parsing ecmascript source code failed

Import trace:
  Server Component:
    ./components/admin/AdminCourseManager.tsx
    ./app/dashboard/admin/courses/page.tsx @ http://localhost:3000/_next/static/chunks/node_modules_next_dist_0u_w_5s._.js:1945
[   20817ms] [ERROR] ./components/admin/AdminCourseManager.tsx:492:15
Expected '</', got '}'
  490 |                 </button>
  491 |               </li>
> 492 |             ))}
      |               ^
  493 |           </ul>
  494 |         </div>
  495 |

Parsing ecmascript source code failed

Import trace:
  Server Component:
    ./components/admin/AdminCourseManager.tsx
    ./app/dashboard/admin/courses/page.tsx @ http://localhost:3000/_next/static/chunks/node_modules_next_dist_0u_w_5s._.js:1945
[   20879ms] [ERROR] ./components/admin/AdminCourseManager.tsx:492:15
Expected '</', got '}'
  490 |                 </button>
  491 |               </li>
> 492 |             ))}
      |               ^
  493 |           </ul>
  494 |         </div>
  495 |

Parsing ecmascript source code failed

Import trace:
  Server Component:
    ./components/admin/AdminCourseManager.tsx
    ./app/dashboard/admin/courses/page.tsx @ http://localhost:3000/_next/static/chunks/node_modules_next_dist_0u_w_5s._.js:1945
[   20942ms] [ERROR] ./components/admin/AdminCourseManager.tsx:492:15
Expected '</', got '}'
  490 |                 </button>
  491 |               </li>
> 492 |             ))}
      |               ^
  493 |           </ul>
  494 |         </div>
  495 |

Parsing ecmascript source code failed

Import trace:
  Server Component:
    ./components/admin/AdminCourseManager.tsx
    ./app/dashboard/admin/courses/page.tsx @ http://localhost:3000/_next/static/chunks/node_modules_next_dist_0u_w_5s._.js:1945
[   21005ms] [ERROR] ./components/admin/AdminCourseManager.tsx:492:15
Expected '</', got '}'
  490 |                 </button>
  491 |               </li>
> 492 |             ))}
      |               ^
  493 |           </ul>
  494 |         </div>
  495 |

Parsing ecmascript source code failed

Import trace:
  Server Component:
    ./components/admin/AdminCourseManager.tsx
    ./app/dashboard/admin/courses/page.tsx @ http://localhost:3000/_next/static/chunks/node_modules_next_dist_0u_w_5s._.js:1945
[   21067ms] [ERROR] ./components/admin/AdminCourseManager.tsx:492:15
Expected '</', got '}'
  490 |                 </button>
  491 |               </li>
> 492 |             ))}
      |               ^
  493 |           </ul>
  494 |         </div>
  495 |

Parsing ecmascript source code failed

Import trace:
  Server Component:
    ./components/admin/AdminCourseManager.tsx
    ./app/dashboard/admin/courses/page.tsx @ http://localhost:3000/_next/static/chunks/node_modules_next_dist_0u_w_5s._.js:1945
[   21128ms] [ERROR] ./components/admin/AdminCourseManager.tsx:492:15
Expected '</', got '}'
  490 |                 </button>
  491 |               </li>
> 492 |             ))}
      |               ^
  493 |           </ul>
  494 |         </div>
  495 |

Parsing ecmascript source code failed

Import trace:
  Server Component:
    ./components/admin/AdminCourseManager.tsx
    ./app/dashboard/admin/courses/page.tsx @ http://localhost:3000/_next/static/chunks/node_modules_next_dist_0u_w_5s._.js:1945
[   21190ms] [ERROR] ./components/admin/AdminCourseManager.tsx:492:15
Expected '</', got '}'
  490 |                 </button>
  491 |               </li>
> 492 |             ))}
      |               ^
  493 |           </ul>
  494 |         </div>
  495 |

Parsing ecmascript source code failed

Import trace:
  Server Component:
    ./components/admin/AdminCourseManager.tsx
    ./app/dashboard/admin/courses/page.tsx @ http://localhost:3000/_next/static/chunks/node_modules_next_dist_0u_w_5s._.js:1945
[   21253ms] [ERROR] ./components/admin/AdminCourseManager.tsx:492:15
Expected '</', got '}'
  490 |                 </button>
  491 |               </li>
> 492 |             ))}
      |               ^
  493 |           </ul>
  494 |         </div>
  495 |

Parsing ecmascript source code failed

Import trace:
  Server Component:
    ./components/admin/AdminCourseManager.tsx
    ./app/dashboard/admin/courses/page.tsx @ http://localhost:3000/_next/static/chunks/node_modules_next_dist_0u_w_5s._.js:1945
[   21322ms] [ERROR] ./components/admin/AdminCourseManager.tsx:492:15
Expected '</', got '}'
  490 |                 </button>
  491 |               </li>
> 492 |             ))}
      |               ^
  493 |           </ul>
  494 |         </div>
  495 |

Parsing ecmascript source code failed

Import trace:
  Server Component:
    ./components/admin/AdminCourseManager.tsx
    ./app/dashboard/admin/courses/page.tsx @ http://localhost:3000/_next/static/chunks/node_modules_next_dist_0u_w_5s._.js:1945
[   21378ms] [ERROR] ./components/admin/AdminCourseManager.tsx:492:15
Expected '</', got '}'
  490 |                 </button>
  491 |               </li>
> 492 |             ))}
      |               ^
  493 |           </ul>
  494 |         </div>
  495 |

Parsing ecmascript source code failed

Import trace:
  Server Component:
    ./components/admin/AdminCourseManager.tsx
    ./app/dashboard/admin/courses/page.tsx @ http://localhost:3000/_next/static/chunks/node_modules_next_dist_0u_w_5s._.js:1945
[   21439ms] [ERROR] ./components/admin/AdminCourseManager.tsx:492:15
Expected '</', got '}'
  490 |                 </button>
  491 |               </li>
> 492 |             ))}
      |               ^
  493 |           </ul>
  494 |         </div>
  495 |

Parsing ecmascript source code failed

Import trace:
  Server Component:
    ./components/admin/AdminCourseManager.tsx
    ./app/dashboard/admin/courses/page.tsx @ http://localhost:3000/_next/static/chunks/node_modules_next_dist_0u_w_5s._.js:1945
[   21502ms] [ERROR] ./components/admin/AdminCourseManager.tsx:492:15
Expected '</', got '}'
  490 |                 </button>
  491 |               </li>
> 492 |             ))}
      |               ^
  493 |           </ul>
  494 |         </div>
  495 |

Parsing ecmascript source code failed

Import trace:
  Server Component:
    ./components/admin/AdminCourseManager.tsx
    ./app/dashboard/admin/courses/page.tsx @ http://localhost:3000/_next/static/chunks/node_modules_next_dist_0u_w_5s._.js:1945
[   21564ms] [ERROR] ./components/admin/AdminCourseManager.tsx:492:15
Expected '</', got '}'
  490 |                 </button>
  491 |               </li>
> 492 |             ))}
      |               ^
  493 |           </ul>
  494 |         </div>
  495 |

Parsing ecmascript source code failed

Import trace:
  Server Component:
    ./components/admin/AdminCourseManager.tsx
    ./app/dashboard/admin/courses/page.tsx @ http://localhost:3000/_next/static/chunks/node_modules_next_dist_0u_w_5s._.js:1945
[   21628ms] [ERROR] ./components/admin/AdminCourseManager.tsx:492:15
Expected '</', got '}'
  490 |                 </button>
  491 |               </li>
> 492 |             ))}
      |               ^
  493 |           </ul>
  494 |         </div>
  495 |

Parsing ecmascript source code failed

Import trace:
  Server Component:
    ./components/admin/AdminCourseManager.tsx
    ./app/dashboard/admin/courses/page.tsx @ http://localhost:3000/_next/static/chunks/node_modules_next_dist_0u_w_5s._.js:1945
[   21691ms] [ERROR] ./components/admin/AdminCourseManager.tsx:492:15
Expected '</', got '}'
  490 |                 </button>
  491 |               </li>
> 492 |             ))}
      |               ^
  493 |           </ul>
  494 |         </div>
  495 |

Parsing ecmascript source code failed

Import trace:
  Server Component:
    ./components/admin/AdminCourseManager.tsx
    ./app/dashboard/admin/courses/page.tsx @ http://localhost:3000/_next/static/chunks/node_modules_next_dist_0u_w_5s._.js:1945
[   21754ms] [ERROR] ./components/admin/AdminCourseManager.tsx:492:15
Expected '</', got '}'
  490 |                 </button>
  491 |               </li>
> 492 |             ))}
      |               ^
  493 |           </ul>
  494 |         </div>
  495 |

Parsing ecmascript source code failed

Import trace:
  Server Component:
    ./components/admin/AdminCourseManager.tsx
    ./app/dashboard/admin/courses/page.tsx @ http://localhost:3000/_next/static/chunks/node_modules_next_dist_0u_w_5s._.js:1945
[   21817ms] [ERROR] ./components/admin/AdminCourseManager.tsx:492:15
Expected '</', got '}'
  490 |                 </button>
  491 |               </li>
> 492 |             ))}
      |               ^
  493 |           </ul>
  494 |         </div>
  495 |

Parsing ecmascript source code failed

Import trace:
  Server Component:
    ./components/admin/AdminCourseManager.tsx
    ./app/dashboard/admin/courses/page.tsx @ http://localhost:3000/_next/static/chunks/node_modules_next_dist_0u_w_5s._.js:1945
[   21879ms] [ERROR] ./components/admin/AdminCourseManager.tsx:492:15
Expected '</', got '}'
  490 |                 </button>
  491 |               </li>
> 492 |             ))}
      |               ^
  493 |           </ul>
  494 |         </div>
  495 |

Parsing ecmascript source code failed

Import trace:
  Server Component:
    ./components/admin/AdminCourseManager.tsx
    ./app/dashboard/admin/courses/page.tsx @ http://localhost:3000/_next/static/chunks/node_modules_next_dist_0u_w_5s._.js:1945
[   21941ms] [ERROR] ./components/admin/AdminCourseManager.tsx:492:15
Expected '</', got '}'
  490 |                 </button>
  491 |               </li>
> 492 |             ))}
      |               ^
  493 |           </ul>
  494 |         </div>
  495 |

Parsing ecmascript source code failed

Import trace:
  Server Component:
    ./components/admin/AdminCourseManager.tsx
    ./app/dashboard/admin/courses/page.tsx @ http://localhost:3000/_next/static/chunks/node_modules_next_dist_0u_w_5s._.js:1945
[   22004ms] [ERROR] ./components/admin/AdminCourseManager.tsx:492:15
Expected '</', got '}'
  490 |                 </button>
  491 |               </li>
> 492 |             ))}
      |               ^
  493 |           </ul>
  494 |         </div>
  495 |

Parsing ecmascript source code failed

Import trace:
  Server Component:
    ./components/admin/AdminCourseManager.tsx
    ./app/dashboard/admin/courses/page.tsx @ http://localhost:3000/_next/static/chunks/node_modules_next_dist_0u_w_5s._.js:1945
[   22066ms] [ERROR] ./components/admin/AdminCourseManager.tsx:492:15
Expected '</', got '}'
  490 |                 </button>
  491 |               </li>
> 492 |             ))}
      |               ^
  493 |           </ul>
  494 |         </div>
  495 |

Parsing ecmascript source code failed

Import trace:
  Server Component:
    ./components/admin/AdminCourseManager.tsx
    ./app/dashboard/admin/courses/page.tsx @ http://localhost:3000/_next/static/chunks/node_modules_next_dist_0u_w_5s._.js:1945
[   22128ms] [ERROR] ./components/admin/AdminCourseManager.tsx:492:15
Expected '</', got '}'
  490 |                 </button>
  491 |               </li>
> 492 |             ))}
      |               ^
  493 |           </ul>
  494 |         </div>
  495 |

Parsing ecmascript source code failed

Import trace:
  Server Component:
    ./components/admin/AdminCourseManager.tsx
    ./app/dashboard/admin/courses/page.tsx @ http://localhost:3000/_next/static/chunks/node_modules_next_dist_0u_w_5s._.js:1945
[   22189ms] [ERROR] ./components/admin/AdminCourseManager.tsx:492:15
Expected '</', got '}'
  490 |                 </button>
  491 |               </li>
> 492 |             ))}
      |               ^
  493 |           </ul>
  494 |         </div>
  495 |

Parsing ecmascript source code failed

Import trace:
  Server Component:
    ./components/admin/AdminCourseManager.tsx
    ./app/dashboard/admin/courses/page.tsx @ http://localhost:3000/_next/static/chunks/node_modules_next_dist_0u_w_5s._.js:1945
[   22252ms] [ERROR] ./components/admin/AdminCourseManager.tsx:492:15
Expected '</', got '}'
  490 |                 </button>
  491 |               </li>
> 492 |             ))}
      |               ^
  493 |           </ul>
  494 |         </div>
  495 |

Parsing ecmascript source code failed

Import trace:
  Server Component:
    ./components/admin/AdminCourseManager.tsx
    ./app/dashboard/admin/courses/page.tsx @ http://localhost:3000/_next/static/chunks/node_modules_next_dist_0u_w_5s._.js:1945
[   22323ms] [ERROR] ./components/admin/AdminCourseManager.tsx:492:15
Expected '</', got '}'
  490 |                 </button>
  491 |               </li>
> 492 |             ))}
      |               ^
  493 |           </ul>
  494 |         </div>
  495 |

Parsing ecmascript source code failed

Import trace:
  Server Component:
    ./components/admin/AdminCourseManager.tsx
    ./app/dashboard/admin/courses/page.tsx @ http://localhost:3000/_next/static/chunks/node_modules_next_dist_0u_w_5s._.js:1945
[   22378ms] [ERROR] ./components/admin/AdminCourseManager.tsx:492:15
Expected '</', got '}'
  490 |                 </button>
  491 |               </li>
> 492 |             ))}
      |               ^
  493 |           </ul>
  494 |         </div>
  495 |

Parsing ecmascript source code failed

Import trace:
  Server Component:
    ./components/admin/AdminCourseManager.tsx
    ./app/dashboard/admin/courses/page.tsx @ http://localhost:3000/_next/static/chunks/node_modules_next_dist_0u_w_5s._.js:1945
[   22439ms] [ERROR] ./components/admin/AdminCourseManager.tsx:492:15
Expected '</', got '}'
  490 |                 </button>
  491 |               </li>
> 492 |             ))}
      |               ^
  493 |           </ul>
  494 |         </div>
  495 |

Parsing ecmascript source code failed

Import trace:
  Server Component:
    ./components/admin/AdminCourseManager.tsx
    ./app/dashboard/admin/courses/page.tsx @ http://localhost:3000/_next/static/chunks/node_modules_next_dist_0u_w_5s._.js:1945
[   22501ms] [ERROR] ./components/admin/AdminCourseManager.tsx:492:15
Expected '</', got '}'
  490 |                 </button>
  491 |               </li>
> 492 |             ))}
      |               ^
  493 |           </ul>
  494 |         </div>
  495 |

Parsing ecmascript source code failed

Import trace:
  Server Component:
    ./components/admin/AdminCourseManager.tsx
    ./app/dashboard/admin/courses/page.tsx @ http://localhost:3000/_next/static/chunks/node_modules_next_dist_0u_w_5s._.js:1945
[   22562ms] [ERROR] ./components/admin/AdminCourseManager.tsx:492:15
Expected '</', got '}'
  490 |                 </button>
  491 |               </li>
> 492 |             ))}
      |               ^
  493 |           </ul>
  494 |         </div>
  495 |

Parsing ecmascript source code failed

Import trace:
  Server Component:
    ./components/admin/AdminCourseManager.tsx
    ./app/dashboard/admin/courses/page.tsx @ http://localhost:3000/_next/static/chunks/node_modules_next_dist_0u_w_5s._.js:1945
[   22625ms] [ERROR] ./components/admin/AdminCourseManager.tsx:492:15
Expected '</', got '}'
  490 |                 </button>
  491 |               </li>
> 492 |             ))}
      |               ^
  493 |           </ul>
  494 |         </div>
  495 |

Parsing ecmascript source code failed

Import trace:
  Server Component:
    ./components/admin/AdminCourseManager.tsx
    ./app/dashboard/admin/courses/page.tsx @ http://localhost:3000/_next/static/chunks/node_modules_next_dist_0u_w_5s._.js:1945
[   22688ms] [ERROR] ./components/admin/AdminCourseManager.tsx:492:15
Expected '</', got '}'
  490 |                 </button>
  491 |               </li>
> 492 |             ))}
      |               ^
  493 |           </ul>
  494 |         </div>
  495 |

Parsing ecmascript source code failed

Import trace:
  Server Component:
    ./components/admin/AdminCourseManager.tsx
    ./app/dashboard/admin/courses/page.tsx @ http://localhost:3000/_next/static/chunks/node_modules_next_dist_0u_w_5s._.js:1945
[   22752ms] [ERROR] ./components/admin/AdminCourseManager.tsx:492:15
Expected '</', got '}'
  490 |                 </button>
  491 |               </li>
> 492 |             ))}
      |               ^
  493 |           </ul>
  494 |         </div>
  495 |

Parsing ecmascript source code failed

Import trace:
  Server Component:
    ./components/admin/AdminCourseManager.tsx
    ./app/dashboard/admin/courses/page.tsx @ http://localhost:3000/_next/static/chunks/node_modules_next_dist_0u_w_5s._.js:1945
[   22813ms] [ERROR] ./components/admin/AdminCourseManager.tsx:492:15
Expected '</', got '}'
  490 |                 </button>
  491 |               </li>
> 492 |             ))}
      |               ^
  493 |           </ul>
  494 |         </div>
  495 |

Parsing ecmascript source code failed

Import trace:
  Server Component:
    ./components/admin/AdminCourseManager.tsx
    ./app/dashboard/admin/courses/page.tsx @ http://localhost:3000/_next/static/chunks/node_modules_next_dist_0u_w_5s._.js:1945
[   22876ms] [ERROR] ./components/admin/AdminCourseManager.tsx:492:15
Expected '</', got '}'
  490 |                 </button>
  491 |               </li>
> 492 |             ))}
      |               ^
  493 |           </ul>
  494 |         </div>
  495 |

Parsing ecmascript source code failed

Import trace:
  Server Component:
    ./components/admin/AdminCourseManager.tsx
    ./app/dashboard/admin/courses/page.tsx @ http://localhost:3000/_next/static/chunks/node_modules_next_dist_0u_w_5s._.js:1945
[   22938ms] [ERROR] ./components/admin/AdminCourseManager.tsx:492:15
Expected '</', got '}'
  490 |                 </button>
  491 |               </li>
> 492 |             ))}
      |               ^
  493 |           </ul>
  494 |         </div>
  495 |

Parsing ecmascript source code failed

Import trace:
  Server Component:
    ./components/admin/AdminCourseManager.tsx
    ./app/dashboard/admin/courses/page.tsx @ http://localhost:3000/_next/static/chunks/node_modules_next_dist_0u_w_5s._.js:1945
[   23001ms] [ERROR] ./components/admin/AdminCourseManager.tsx:492:15
Expected '</', got '}'
  490 |                 </button>
  491 |               </li>
> 492 |             ))}
      |               ^
  493 |           </ul>
  494 |         </div>
  495 |

Parsing ecmascript source code failed

Import trace:
  Server Component:
    ./components/admin/AdminCourseManager.tsx
    ./app/dashboard/admin/courses/page.tsx @ http://localhost:3000/_next/static/chunks/node_modules_next_dist_0u_w_5s._.js:1945
[   23063ms] [ERROR] ./components/admin/AdminCourseManager.tsx:492:15
Expected '</', got '}'
  490 |                 </button>
  491 |               </li>
> 492 |             ))}
      |               ^
  493 |           </ul>
  494 |         </div>
  495 |

Parsing ecmascript source code failed

Import trace:
  Server Component:
    ./components/admin/AdminCourseManager.tsx
    ./app/dashboard/admin/courses/page.tsx @ http://localhost:3000/_next/static/chunks/node_modules_next_dist_0u_w_5s._.js:1945
[   23127ms] [ERROR] ./components/admin/AdminCourseManager.tsx:492:15
Expected '</', got '}'
  490 |                 </button>
  491 |               </li>
> 492 |             ))}
      |               ^
  493 |           </ul>
  494 |         </div>
  495 |

Parsing ecmascript source code failed

Import trace:
  Server Component:
    ./components/admin/AdminCourseManager.tsx
    ./app/dashboard/admin/courses/page.tsx @ http://localhost:3000/_next/static/chunks/node_modules_next_dist_0u_w_5s._.js:1945
[   23189ms] [ERROR] ./components/admin/AdminCourseManager.tsx:492:15
Expected '</', got '}'
  490 |                 </button>
  491 |               </li>
> 492 |             ))}
      |               ^
  493 |           </ul>
  494 |         </div>
  495 |

Parsing ecmascript source code failed

Import trace:
  Server Component:
    ./components/admin/AdminCourseManager.tsx
    ./app/dashboard/admin/courses/page.tsx @ http://localhost:3000/_next/static/chunks/node_modules_next_dist_0u_w_5s._.js:1945
[   23253ms] [ERROR] ./components/admin/AdminCourseManager.tsx:492:15
Expected '</', got '}'
  490 |                 </button>
  491 |               </li>
> 492 |             ))}
      |               ^
  493 |           </ul>
  494 |         </div>
  495 |

Parsing ecmascript source code failed

Import trace:
  Server Component:
    ./components/admin/AdminCourseManager.tsx
    ./app/dashboard/admin/courses/page.tsx @ http://localhost:3000/_next/static/chunks/node_modules_next_dist_0u_w_5s._.js:1945
[   23324ms] [ERROR] ./components/admin/AdminCourseManager.tsx:492:15
Expected '</', got '}'
  490 |                 </button>
  491 |               </li>
> 492 |             ))}
      |               ^
  493 |           </ul>
  494 |         </div>
  495 |

Parsing ecmascript source code failed

Import trace:
  Server Component:
    ./components/admin/AdminCourseManager.tsx
    ./app/dashboard/admin/courses/page.tsx @ http://localhost:3000/_next/static/chunks/node_modules_next_dist_0u_w_5s._.js:1945
[   23377ms] [ERROR] ./components/admin/AdminCourseManager.tsx:492:15
Expected '</', got '}'
  490 |                 </button>
  491 |               </li>
> 492 |             ))}
      |               ^
  493 |           </ul>
  494 |         </div>
  495 |

Parsing ecmascript source code failed

Import trace:
  Server Component:
    ./components/admin/AdminCourseManager.tsx
    ./app/dashboard/admin/courses/page.tsx @ http://localhost:3000/_next/static/chunks/node_modules_next_dist_0u_w_5s._.js:1945
[   23440ms] [ERROR] ./components/admin/AdminCourseManager.tsx:492:15
Expected '</', got '}'
  490 |                 </button>
  491 |               </li>
> 492 |             ))}
      |               ^
  493 |           </ul>
  494 |         </div>
  495 |

Parsing ecmascript source code failed

Import trace:
  Server Component:
    ./components/admin/AdminCourseManager.tsx
    ./app/dashboard/admin/courses/page.tsx @ http://localhost:3000/_next/static/chunks/node_modules_next_dist_0u_w_5s._.js:1945
[   23500ms] [ERROR] ./components/admin/AdminCourseManager.tsx:492:15
Expected '</', got '}'
  490 |                 </button>
  491 |               </li>
> 492 |             ))}
      |               ^
  493 |           </ul>
  494 |         </div>
  495 |

Parsing ecmascript source code failed

Import trace:
  Server Component:
    ./components/admin/AdminCourseManager.tsx
    ./app/dashboard/admin/courses/page.tsx @ http://localhost:3000/_next/static/chunks/node_modules_next_dist_0u_w_5s._.js:1945
[   23562ms] [ERROR] ./components/admin/AdminCourseManager.tsx:492:15
Expected '</', got '}'
  490 |                 </button>
  491 |               </li>
> 492 |             ))}
      |               ^
  493 |           </ul>
  494 |         </div>
  495 |

Parsing ecmascript source code failed

Import trace:
  Server Component:
    ./components/admin/AdminCourseManager.tsx
    ./app/dashboard/admin/courses/page.tsx @ http://localhost:3000/_next/static/chunks/node_modules_next_dist_0u_w_5s._.js:1945
[   23624ms] [ERROR] ./components/admin/AdminCourseManager.tsx:492:15
Expected '</', got '}'
  490 |                 </button>
  491 |               </li>
> 492 |             ))}
      |               ^
  493 |           </ul>
  494 |         </div>
  495 |

Parsing ecmascript source code failed

Import trace:
  Server Component:
    ./components/admin/AdminCourseManager.tsx
    ./app/dashboard/admin/courses/page.tsx @ http://localhost:3000/_next/static/chunks/node_modules_next_dist_0u_w_5s._.js:1945
[   23686ms] [ERROR] ./components/admin/AdminCourseManager.tsx:492:15
Expected '</', got '}'
  490 |                 </button>
  491 |               </li>
> 492 |             ))}
      |               ^
  493 |           </ul>
  494 |         </div>
  495 |

Parsing ecmascript source code failed

Import trace:
  Server Component:
    ./components/admin/AdminCourseManager.tsx
    ./app/dashboard/admin/courses/page.tsx @ http://localhost:3000/_next/static/chunks/node_modules_next_dist_0u_w_5s._.js:1945
[   23749ms] [ERROR] ./components/admin/AdminCourseManager.tsx:492:15
Expected '</', got '}'
  490 |                 </button>
  491 |               </li>
> 492 |             ))}
      |               ^
  493 |           </ul>
  494 |         </div>
  495 |

Parsing ecmascript source code failed

Import trace:
  Server Component:
    ./components/admin/AdminCourseManager.tsx
    ./app/dashboard/admin/courses/page.tsx @ http://localhost:3000/_next/static/chunks/node_modules_next_dist_0u_w_5s._.js:1945
[   23814ms] [ERROR] ./components/admin/AdminCourseManager.tsx:492:15
Expected '</', got '}'
  490 |                 </button>
  491 |               </li>
> 492 |             ))}
      |               ^
  493 |           </ul>
  494 |         </div>
  495 |

Parsing ecmascript source code failed

Import trace:
  Server Component:
    ./components/admin/AdminCourseManager.tsx
    ./app/dashboard/admin/courses/page.tsx @ http://localhost:3000/_next/static/chunks/node_modules_next_dist_0u_w_5s._.js:1945
[   23877ms] [ERROR] ./components/admin/AdminCourseManager.tsx:492:15
Expected '</', got '}'
  490 |                 </button>
  491 |               </li>
> 492 |             ))}
      |               ^
  493 |           </ul>
  494 |         </div>
  495 |

Parsing ecmascript source code failed

Import trace:
  Server Component:
    ./components/admin/AdminCourseManager.tsx
    ./app/dashboard/admin/courses/page.tsx @ http://localhost:3000/_next/static/chunks/node_modules_next_dist_0u_w_5s._.js:1945
[   23941ms] [ERROR] ./components/admin/AdminCourseManager.tsx:492:15
Expected '</', got '}'
  490 |                 </button>
  491 |               </li>
> 492 |             ))}
      |               ^
  493 |           </ul>
  494 |         </div>
  495 |

Parsing ecmascript source code failed

Import trace:
  Server Component:
    ./components/admin/AdminCourseManager.tsx
    ./app/dashboard/admin/courses/page.tsx @ http://localhost:3000/_next/static/chunks/node_modules_next_dist_0u_w_5s._.js:1945
[   24002ms] [ERROR] ./components/admin/AdminCourseManager.tsx:492:15
Expected '</', got '}'
  490 |                 </button>
  491 |               </li>
> 492 |             ))}
      |               ^
  493 |           </ul>
  494 |         </div>
  495 |

Parsing ecmascript source code failed

Import trace:
  Server Component:
    ./components/admin/AdminCourseManager.tsx
    ./app/dashboard/admin/courses/page.tsx @ http://localhost:3000/_next/static/chunks/node_modules_next_dist_0u_w_5s._.js:1945
[   24065ms] [ERROR] ./components/admin/AdminCourseManager.tsx:492:15
Expected '</', got '}'
  490 |                 </button>
  491 |               </li>
> 492 |             ))}
      |               ^
  493 |           </ul>
  494 |         </div>
  495 |

Parsing ecmascript source code failed

Import trace:
  Server Component:
    ./components/admin/AdminCourseManager.tsx
    ./app/dashboard/admin/courses/page.tsx @ http://localhost:3000/_next/static/chunks/node_modules_next_dist_0u_w_5s._.js:1945
[   24127ms] [ERROR] ./components/admin/AdminCourseManager.tsx:492:15
Expected '</', got '}'
  490 |                 </button>
  491 |               </li>
> 492 |             ))}
      |               ^
  493 |           </ul>
  494 |         </div>
  495 |

Parsing ecmascript source code failed

Import trace:
  Server Component:
    ./components/admin/AdminCourseManager.tsx
    ./app/dashboard/admin/courses/page.tsx @ http://localhost:3000/_next/static/chunks/node_modules_next_dist_0u_w_5s._.js:1945
[   24190ms] [ERROR] ./components/admin/AdminCourseManager.tsx:492:15
Expected '</', got '}'
  490 |                 </button>
  491 |               </li>
> 492 |             ))}
      |               ^
  493 |           </ul>
  494 |         </div>
  495 |

Parsing ecmascript source code failed

Import trace:
  Server Component:
    ./components/admin/AdminCourseManager.tsx
    ./app/dashboard/admin/courses/page.tsx @ http://localhost:3000/_next/static/chunks/node_modules_next_dist_0u_w_5s._.js:1945
[   24252ms] [ERROR] ./components/admin/AdminCourseManager.tsx:492:15
Expected '</', got '}'
  490 |                 </button>
  491 |               </li>
> 492 |             ))}
      |               ^
  493 |           </ul>
  494 |         </div>
  495 |

Parsing ecmascript source code failed

Import trace:
  Server Component:
    ./components/admin/AdminCourseManager.tsx
    ./app/dashboard/admin/courses/page.tsx @ http://localhost:3000/_next/static/chunks/node_modules_next_dist_0u_w_5s._.js:1945
[   24325ms] [ERROR] ./components/admin/AdminCourseManager.tsx:492:15
Expected '</', got '}'
  490 |                 </button>
  491 |               </li>
> 492 |             ))}
      |               ^
  493 |           </ul>
  494 |         </div>
  495 |

Parsing ecmascript source code failed

Import trace:
  Server Component:
    ./components/admin/AdminCourseManager.tsx
    ./app/dashboard/admin/courses/page.tsx @ http://localhost:3000/_next/static/chunks/node_modules_next_dist_0u_w_5s._.js:1945
[   24377ms] [ERROR] ./components/admin/AdminCourseManager.tsx:492:15
Expected '</', got '}'
  490 |                 </button>
  491 |               </li>
> 492 |             ))}
      |               ^
  493 |           </ul>
  494 |         </div>
  495 |

Parsing ecmascript source code failed

Import trace:
  Server Component:
    ./components/admin/AdminCourseManager.tsx
    ./app/dashboard/admin/courses/page.tsx @ http://localhost:3000/_next/static/chunks/node_modules_next_dist_0u_w_5s._.js:1945
[   24441ms] [ERROR] ./components/admin/AdminCourseManager.tsx:492:15
Expected '</', got '}'
  490 |                 </button>
  491 |               </li>
> 492 |             ))}
      |               ^
  493 |           </ul>
  494 |         </div>
  495 |

Parsing ecmascript source code failed

Import trace:
  Server Component:
    ./components/admin/AdminCourseManager.tsx
    ./app/dashboard/admin/courses/page.tsx @ http://localhost:3000/_next/static/chunks/node_modules_next_dist_0u_w_5s._.js:1945
[   24502ms] [ERROR] ./components/admin/AdminCourseManager.tsx:492:15
Expected '</', got '}'
  490 |                 </button>
  491 |               </li>
> 492 |             ))}
      |               ^
  493 |           </ul>
  494 |         </div>
  495 |

Parsing ecmascript source code failed

Import trace:
  Server Component:
    ./components/admin/AdminCourseManager.tsx
    ./app/dashboard/admin/courses/page.tsx @ http://localhost:3000/_next/static/chunks/node_modules_next_dist_0u_w_5s._.js:1945
[   24565ms] [ERROR] ./components/admin/AdminCourseManager.tsx:492:15
Expected '</', got '}'
  490 |                 </button>
  491 |               </li>
> 492 |             ))}
      |               ^
  493 |           </ul>
  494 |         </div>
  495 |

Parsing ecmascript source code failed

Import trace:
  Server Component:
    ./components/admin/AdminCourseManager.tsx
    ./app/dashboard/admin/courses/page.tsx @ http://localhost:3000/_next/static/chunks/node_modules_next_dist_0u_w_5s._.js:1945
[   24628ms] [ERROR] ./components/admin/AdminCourseManager.tsx:492:15
Expected '</', got '}'
  490 |                 </button>
  491 |               </li>
> 492 |             ))}
      |               ^
  493 |           </ul>
  494 |         </div>
  495 |

Parsing ecmascript source code failed

Import trace:
  Server Component:
    ./components/admin/AdminCourseManager.tsx
    ./app/dashboard/admin/courses/page.tsx @ http://localhost:3000/_next/static/chunks/node_modules_next_dist_0u_w_5s._.js:1945
[   24690ms] [ERROR] ./components/admin/AdminCourseManager.tsx:492:15
Expected '</', got '}'
  490 |                 </button>
  491 |               </li>
> 492 |             ))}
      |               ^
  493 |           </ul>
  494 |         </div>
  495 |

Parsing ecmascript source code failed

Import trace:
  Server Component:
    ./components/admin/AdminCourseManager.tsx
    ./app/dashboard/admin/courses/page.tsx @ http://localhost:3000/_next/static/chunks/node_modules_next_dist_0u_w_5s._.js:1945
[   24752ms] [ERROR] ./components/admin/AdminCourseManager.tsx:492:15
Expected '</', got '}'
  490 |                 </button>
  491 |               </li>
> 492 |             ))}
      |               ^
  493 |           </ul>
  494 |         </div>
  495 |

Parsing ecmascript source code failed

Import trace:
  Server Component:
    ./components/admin/AdminCourseManager.tsx
    ./app/dashboard/admin/courses/page.tsx @ http://localhost:3000/_next/static/chunks/node_modules_next_dist_0u_w_5s._.js:1945
[   24815ms] [ERROR] ./components/admin/AdminCourseManager.tsx:492:15
Expected '</', got '}'
  490 |                 </button>
  491 |               </li>
> 492 |             ))}
      |               ^
  493 |           </ul>
  494 |         </div>
  495 |

Parsing ecmascript source code failed

Import trace:
  Server Component:
    ./components/admin/AdminCourseManager.tsx
    ./app/dashboard/admin/courses/page.tsx @ http://localhost:3000/_next/static/chunks/node_modules_next_dist_0u_w_5s._.js:1945
[   24878ms] [ERROR] ./components/admin/AdminCourseManager.tsx:492:15
Expected '</', got '}'
  490 |                 </button>
  491 |               </li>
> 492 |             ))}
      |               ^
  493 |           </ul>
  494 |         </div>
  495 |

Parsing ecmascript source code failed

Import trace:
  Server Component:
    ./components/admin/AdminCourseManager.tsx
    ./app/dashboard/admin/courses/page.tsx @ http://localhost:3000/_next/static/chunks/node_modules_next_dist_0u_w_5s._.js:1945
[   24940ms] [ERROR] ./components/admin/AdminCourseManager.tsx:492:15
Expected '</', got '}'
  490 |                 </button>
  491 |               </li>
> 492 |             ))}
      |               ^
  493 |           </ul>
  494 |         </div>
  495 |

Parsing ecmascript source code failed

Import trace:
  Server Component:
    ./components/admin/AdminCourseManager.tsx
    ./app/dashboard/admin/courses/page.tsx @ http://localhost:3000/_next/static/chunks/node_modules_next_dist_0u_w_5s._.js:1945
[   25000ms] [ERROR] ./components/admin/AdminCourseManager.tsx:492:15
Expected '</', got '}'
  490 |                 </button>
  491 |               </li>
> 492 |             ))}
      |               ^
  493 |           </ul>
  494 |         </div>
  495 |

Parsing ecmascript source code failed

Import trace:
  Server Component:
    ./components/admin/AdminCourseManager.tsx
    ./app/dashboard/admin/courses/page.tsx @ http://localhost:3000/_next/static/chunks/node_modules_next_dist_0u_w_5s._.js:1945
[   25062ms] [ERROR] ./components/admin/AdminCourseManager.tsx:492:15
Expected '</', got '}'
  490 |                 </button>
  491 |               </li>
> 492 |             ))}
      |               ^
  493 |           </ul>
  494 |         </div>
  495 |

Parsing ecmascript source code failed

Import trace:
  Server Component:
    ./components/admin/AdminCourseManager.tsx
    ./app/dashboard/admin/courses/page.tsx @ http://localhost:3000/_next/static/chunks/node_modules_next_dist_0u_w_5s._.js:1945
[   25124ms] [ERROR] ./components/admin/AdminCourseManager.tsx:492:15
Expected '</', got '}'
  490 |                 </button>
  491 |               </li>
> 492 |             ))}
      |               ^
  493 |           </ul>
  494 |         </div>
  495 |

Parsing ecmascript source code failed

Import trace:
  Server Component:
    ./components/admin/AdminCourseManager.tsx
    ./app/dashboard/admin/courses/page.tsx @ http://localhost:3000/_next/static/chunks/node_modules_next_dist_0u_w_5s._.js:1945
[   25185ms] [ERROR] ./components/admin/AdminCourseManager.tsx:492:15
Expected '</', got '}'
  490 |                 </button>
  491 |               </li>
> 492 |             ))}
      |               ^
  493 |           </ul>
  494 |         </div>
  495 |

Parsing ecmascript source code failed

Import trace:
  Server Component:
    ./components/admin/AdminCourseManager.tsx
    ./app/dashboard/admin/courses/page.tsx @ http://localhost:3000/_next/static/chunks/node_modules_next_dist_0u_w_5s._.js:1945
[   25248ms] [ERROR] ./components/admin/AdminCourseManager.tsx:492:15
Expected '</', got '}'
  490 |                 </button>
  491 |               </li>
> 492 |             ))}
      |               ^
  493 |           </ul>
  494 |         </div>
  495 |

Parsing ecmascript source code failed

Import trace:
  Server Component:
    ./components/admin/AdminCourseManager.tsx
    ./app/dashboard/admin/courses/page.tsx @ http://localhost:3000/_next/static/chunks/node_modules_next_dist_0u_w_5s._.js:1945
[   25324ms] [ERROR] ./components/admin/AdminCourseManager.tsx:492:15
Expected '</', got '}'
  490 |                 </button>
  491 |               </li>
> 492 |             ))}
      |               ^
  493 |           </ul>
  494 |         </div>
  495 |

Parsing ecmascript source code failed

Import trace:
  Server Component:
    ./components/admin/AdminCourseManager.tsx
    ./app/dashboard/admin/courses/page.tsx @ http://localhost:3000/_next/static/chunks/node_modules_next_dist_0u_w_5s._.js:1945
[   25391ms] [ERROR] ./components/admin/AdminCourseManager.tsx:492:15
Expected '</', got '}'
  490 |                 </button>
  491 |               </li>
> 492 |             ))}
      |               ^
  493 |           </ul>
  494 |         </div>
  495 |

Parsing ecmascript source code failed

Import trace:
  Server Component:
    ./components/admin/AdminCourseManager.tsx
    ./app/dashboard/admin/courses/page.tsx @ http://localhost:3000/_next/static/chunks/node_modules_next_dist_0u_w_5s._.js:1945
[   25454ms] [ERROR] ./components/admin/AdminCourseManager.tsx:492:15
Expected '</', got '}'
  490 |                 </button>
  491 |               </li>
> 492 |             ))}
      |               ^
  493 |           </ul>
  494 |         </div>
  495 |

Parsing ecmascript source code failed

Import trace:
  Server Component:
    ./components/admin/AdminCourseManager.tsx
    ./app/dashboard/admin/courses/page.tsx @ http://localhost:3000/_next/static/chunks/node_modules_next_dist_0u_w_5s._.js:1945
[   25516ms] [ERROR] ./components/admin/AdminCourseManager.tsx:492:15
Expected '</', got '}'
  490 |                 </button>
  491 |               </li>
> 492 |             ))}
      |               ^
  493 |           </ul>
  494 |         </div>
  495 |

Parsing ecmascript source code failed

Import trace:
  Server Component:
    ./components/admin/AdminCourseManager.tsx
    ./app/dashboard/admin/courses/page.tsx @ http://localhost:3000/_next/static/chunks/node_modules_next_dist_0u_w_5s._.js:1945
[   25579ms] [ERROR] ./components/admin/AdminCourseManager.tsx:492:15
Expected '</', got '}'
  490 |                 </button>
  491 |               </li>
> 492 |             ))}
      |               ^
  493 |           </ul>
  494 |         </div>
  495 |

Parsing ecmascript source code failed

Import trace:
  Server Component:
    ./components/admin/AdminCourseManager.tsx
    ./app/dashboard/admin/courses/page.tsx @ http://localhost:3000/_next/static/chunks/node_modules_next_dist_0u_w_5s._.js:1945
[   25643ms] [ERROR] ./components/admin/AdminCourseManager.tsx:492:15
Expected '</', got '}'
  490 |                 </button>
  491 |               </li>
> 492 |             ))}
      |               ^
  493 |           </ul>
  494 |         </div>
  495 |

Parsing ecmascript source code failed

Import trace:
  Server Component:
    ./components/admin/AdminCourseManager.tsx
    ./app/dashboard/admin/courses/page.tsx @ http://localhost:3000/_next/static/chunks/node_modules_next_dist_0u_w_5s._.js:1945
[   25705ms] [ERROR] ./components/admin/AdminCourseManager.tsx:492:15
Expected '</', got '}'
  490 |                 </button>
  491 |               </li>
> 492 |             ))}
      |               ^
  493 |           </ul>
  494 |         </div>
  495 |

Parsing ecmascript source code failed

Import trace:
  Server Component:
    ./components/admin/AdminCourseManager.tsx
    ./app/dashboard/admin/courses/page.tsx @ http://localhost:3000/_next/static/chunks/node_modules_next_dist_0u_w_5s._.js:1945
[   25768ms] [ERROR] ./components/admin/AdminCourseManager.tsx:492:15
Expected '</', got '}'
  490 |                 </button>
  491 |               </li>
> 492 |             ))}
      |               ^
  493 |           </ul>
  494 |         </div>
  495 |

Parsing ecmascript source code failed

Import trace:
  Server Component:
    ./components/admin/AdminCourseManager.tsx
    ./app/dashboard/admin/courses/page.tsx @ http://localhost:3000/_next/static/chunks/node_modules_next_dist_0u_w_5s._.js:1945
[   25830ms] [ERROR] ./components/admin/AdminCourseManager.tsx:492:15
Expected '</', got '}'
  490 |                 </button>
  491 |               </li>
> 492 |             ))}
      |               ^
  493 |           </ul>
  494 |         </div>
  495 |

Parsing ecmascript source code failed

Import trace:
  Server Component:
    ./components/admin/AdminCourseManager.tsx
    ./app/dashboard/admin/courses/page.tsx @ http://localhost:3000/_next/static/chunks/node_modules_next_dist_0u_w_5s._.js:1945
[   25892ms] [ERROR] ./components/admin/AdminCourseManager.tsx:492:15
Expected '</', got '}'
  490 |                 </button>
  491 |               </li>
> 492 |             ))}
      |               ^
  493 |           </ul>
  494 |         </div>
  495 |

Parsing ecmascript source code failed

Import trace:
  Server Component:
    ./components/admin/AdminCourseManager.tsx
    ./app/dashboard/admin/courses/page.tsx @ http://localhost:3000/_next/static/chunks/node_modules_next_dist_0u_w_5s._.js:1945
[   25955ms] [ERROR] ./components/admin/AdminCourseManager.tsx:492:15
Expected '</', got '}'
  490 |                 </button>
  491 |               </li>
> 492 |             ))}
      |               ^
  493 |           </ul>
  494 |         </div>
  495 |

Parsing ecmascript source code failed

Import trace:
  Server Component:
    ./components/admin/AdminCourseManager.tsx
    ./app/dashboard/admin/courses/page.tsx @ http://localhost:3000/_next/static/chunks/node_modules_next_dist_0u_w_5s._.js:1945
[   26018ms] [ERROR] ./components/admin/AdminCourseManager.tsx:492:15
Expected '</', got '}'
  490 |                 </button>
  491 |               </li>
> 492 |             ))}
      |               ^
  493 |           </ul>
  494 |         </div>
  495 |

Parsing ecmascript source code failed

Import trace:
  Server Component:
    ./components/admin/AdminCourseManager.tsx
    ./app/dashboard/admin/courses/page.tsx @ http://localhost:3000/_next/static/chunks/node_modules_next_dist_0u_w_5s._.js:1945
[   26081ms] [ERROR] ./components/admin/AdminCourseManager.tsx:492:15
Expected '</', got '}'
  490 |                 </button>
  491 |               </li>
> 492 |             ))}
      |               ^
  493 |           </ul>
  494 |         </div>
  495 |

Parsing ecmascript source code failed

Import trace:
  Server Component:
    ./components/admin/AdminCourseManager.tsx
    ./app/dashboard/admin/courses/page.tsx @ http://localhost:3000/_next/static/chunks/node_modules_next_dist_0u_w_5s._.js:1945
[   26144ms] [ERROR] ./components/admin/AdminCourseManager.tsx:492:15
Expected '</', got '}'
  490 |                 </button>
  491 |               </li>
> 492 |             ))}
      |               ^
  493 |           </ul>
  494 |         </div>
  495 |

Parsing ecmascript source code failed

Import trace:
  Server Component:
    ./components/admin/AdminCourseManager.tsx
    ./app/dashboard/admin/courses/page.tsx @ http://localhost:3000/_next/static/chunks/node_modules_next_dist_0u_w_5s._.js:1945
[   26207ms] [ERROR] ./components/admin/AdminCourseManager.tsx:492:15
Expected '</', got '}'
  490 |                 </button>
  491 |               </li>
> 492 |             ))}
      |               ^
  493 |           </ul>
  494 |         </div>
  495 |

Parsing ecmascript source code failed

Import trace:
  Server Component:
    ./components/admin/AdminCourseManager.tsx
    ./app/dashboard/admin/courses/page.tsx @ http://localhost:3000/_next/static/chunks/node_modules_next_dist_0u_w_5s._.js:1945
[   26270ms] [ERROR] ./components/admin/AdminCourseManager.tsx:492:15
Expected '</', got '}'
  490 |                 </button>
  491 |               </li>
> 492 |             ))}
      |               ^
  493 |           </ul>
  494 |         </div>
  495 |

Parsing ecmascript source code failed

Import trace:
  Server Component:
    ./components/admin/AdminCourseManager.tsx
    ./app/dashboard/admin/courses/page.tsx @ http://localhost:3000/_next/static/chunks/node_modules_next_dist_0u_w_5s._.js:1945
[   26336ms] [ERROR] ./components/admin/AdminCourseManager.tsx:492:15
Expected '</', got '}'
  490 |                 </button>
  491 |               </li>
> 492 |             ))}
      |               ^
  493 |           </ul>
  494 |         </div>
  495 |

Parsing ecmascript source code failed

Import trace:
  Server Component:
    ./components/admin/AdminCourseManager.tsx
    ./app/dashboard/admin/courses/page.tsx @ http://localhost:3000/_next/static/chunks/node_modules_next_dist_0u_w_5s._.js:1945
[   26395ms] [ERROR] ./components/admin/AdminCourseManager.tsx:492:15
Expected '</', got '}'
  490 |                 </button>
  491 |               </li>
> 492 |             ))}
      |               ^
  493 |           </ul>
  494 |         </div>
  495 |

Parsing ecmascript source code failed

Import trace:
  Server Component:
    ./components/admin/AdminCourseManager.tsx
    ./app/dashboard/admin/courses/page.tsx @ http://localhost:3000/_next/static/chunks/node_modules_next_dist_0u_w_5s._.js:1945
[   26458ms] [ERROR] ./components/admin/AdminCourseManager.tsx:492:15
Expected '</', got '}'
  490 |                 </button>
  491 |               </li>
> 492 |             ))}
      |               ^
  493 |           </ul>
  494 |         </div>
  495 |

Parsing ecmascript source code failed

Import trace:
  Server Component:
    ./components/admin/AdminCourseManager.tsx
    ./app/dashboard/admin/courses/page.tsx @ http://localhost:3000/_next/static/chunks/node_modules_next_dist_0u_w_5s._.js:1945
[   26521ms] [ERROR] ./components/admin/AdminCourseManager.tsx:492:15
Expected '</', got '}'
  490 |                 </button>
  491 |               </li>
> 492 |             ))}
      |               ^
  493 |           </ul>
  494 |         </div>
  495 |

Parsing ecmascript source code failed

Import trace:
  Server Component:
    ./components/admin/AdminCourseManager.tsx
    ./app/dashboard/admin/courses/page.tsx @ http://localhost:3000/_next/static/chunks/node_modules_next_dist_0u_w_5s._.js:1945
[   26583ms] [ERROR] ./components/admin/AdminCourseManager.tsx:492:15
Expected '</', got '}'
  490 |                 </button>
  491 |               </li>
> 492 |             ))}
      |               ^
  493 |           </ul>
  494 |         </div>
  495 |

Parsing ecmascript source code failed

Import trace:
  Server Component:
    ./components/admin/AdminCourseManager.tsx
    ./app/dashboard/admin/courses/page.tsx @ http://localhost:3000/_next/static/chunks/node_modules_next_dist_0u_w_5s._.js:1945
[   26648ms] [ERROR] ./components/admin/AdminCourseManager.tsx:492:15
Expected '</', got '}'
  490 |                 </button>
  491 |               </li>
> 492 |             ))}
      |               ^
  493 |           </ul>
  494 |         </div>
  495 |

Parsing ecmascript source code failed

Import trace:
  Server Component:
    ./components/admin/AdminCourseManager.tsx
    ./app/dashboard/admin/courses/page.tsx @ http://localhost:3000/_next/static/chunks/node_modules_next_dist_0u_w_5s._.js:1945
[   26710ms] [ERROR] ./components/admin/AdminCourseManager.tsx:492:15
Expected '</', got '}'
  490 |                 </button>
  491 |               </li>
> 492 |             ))}
      |               ^
  493 |           </ul>
  494 |         </div>
  495 |

Parsing ecmascript source code failed

Import trace:
  Server Component:
    ./components/admin/AdminCourseManager.tsx
    ./app/dashboard/admin/courses/page.tsx @ http://localhost:3000/_next/static/chunks/node_modules_next_dist_0u_w_5s._.js:1945
[   26773ms] [ERROR] ./components/admin/AdminCourseManager.tsx:492:15
Expected '</', got '}'
  490 |                 </button>
  491 |               </li>
> 492 |             ))}
      |               ^
  493 |           </ul>
  494 |         </div>
  495 |

Parsing ecmascript source code failed

Import trace:
  Server Component:
    ./components/admin/AdminCourseManager.tsx
    ./app/dashboard/admin/courses/page.tsx @ http://localhost:3000/_next/static/chunks/node_modules_next_dist_0u_w_5s._.js:1945
[   26834ms] [ERROR] ./components/admin/AdminCourseManager.tsx:492:15
Expected '</', got '}'
  490 |                 </button>
  491 |               </li>
> 492 |             ))}
      |               ^
  493 |           </ul>
  494 |         </div>
  495 |

Parsing ecmascript source code failed

Import trace:
  Server Component:
    ./components/admin/AdminCourseManager.tsx
    ./app/dashboard/admin/courses/page.tsx @ http://localhost:3000/_next/static/chunks/node_modules_next_dist_0u_w_5s._.js:1945
[   26896ms] [ERROR] ./components/admin/AdminCourseManager.tsx:492:15
Expected '</', got '}'
  490 |                 </button>
  491 |               </li>
> 492 |             ))}
      |               ^
  493 |           </ul>
  494 |         </div>
  495 |

Parsing ecmascript source code failed

Import trace:
  Server Component:
    ./components/admin/AdminCourseManager.tsx
    ./app/dashboard/admin/courses/page.tsx @ http://localhost:3000/_next/static/chunks/node_modules_next_dist_0u_w_5s._.js:1945
[   26958ms] [ERROR] ./components/admin/AdminCourseManager.tsx:492:15
Expected '</', got '}'
  490 |                 </button>
  491 |               </li>
> 492 |             ))}
      |               ^
  493 |           </ul>
  494 |         </div>
  495 |

Parsing ecmascript source code failed

Import trace:
  Server Component:
    ./components/admin/AdminCourseManager.tsx
    ./app/dashboard/admin/courses/page.tsx @ http://localhost:3000/_next/static/chunks/node_modules_next_dist_0u_w_5s._.js:1945
[   27020ms] [ERROR] ./components/admin/AdminCourseManager.tsx:492:15
Expected '</', got '}'
  490 |                 </button>
  491 |               </li>
> 492 |             ))}
      |               ^
  493 |           </ul>
  494 |         </div>
  495 |

Parsing ecmascript source code failed

Import trace:
  Server Component:
    ./components/admin/AdminCourseManager.tsx
    ./app/dashboard/admin/courses/page.tsx @ http://localhost:3000/_next/static/chunks/node_modules_next_dist_0u_w_5s._.js:1945
[   27081ms] [ERROR] ./components/admin/AdminCourseManager.tsx:492:15
Expected '</', got '}'
  490 |                 </button>
  491 |               </li>
> 492 |             ))}
      |               ^
  493 |           </ul>
  494 |         </div>
  495 |

Parsing ecmascript source code failed

Import trace:
  Server Component:
    ./components/admin/AdminCourseManager.tsx
    ./app/dashboard/admin/courses/page.tsx @ http://localhost:3000/_next/static/chunks/node_modules_next_dist_0u_w_5s._.js:1945
[   27146ms] [ERROR] ./components/admin/AdminCourseManager.tsx:492:15
Expected '</', got '}'
  490 |                 </button>
  491 |               </li>
> 492 |             ))}
      |               ^
  493 |           </ul>
  494 |         </div>
  495 |

Parsing ecmascript source code failed

Import trace:
  Server Component:
    ./components/admin/AdminCourseManager.tsx
    ./app/dashboard/admin/courses/page.tsx @ http://localhost:3000/_next/static/chunks/node_modules_next_dist_0u_w_5s._.js:1945
[   27209ms] [ERROR] ./components/admin/AdminCourseManager.tsx:492:15
Expected '</', got '}'
  490 |                 </button>
  491 |               </li>
> 492 |             ))}
      |               ^
  493 |           </ul>
  494 |         </div>
  495 |

Parsing ecmascript source code failed

Import trace:
  Server Component:
    ./components/admin/AdminCourseManager.tsx
    ./app/dashboard/admin/courses/page.tsx @ http://localhost:3000/_next/static/chunks/node_modules_next_dist_0u_w_5s._.js:1945
[   27274ms] [ERROR] ./components/admin/AdminCourseManager.tsx:492:15
Expected '</', got '}'
  490 |                 </button>
  491 |               </li>
> 492 |             ))}
      |               ^
  493 |           </ul>
  494 |         </div>
  495 |

Parsing ecmascript source code failed

Import trace:
  Server Component:
    ./components/admin/AdminCourseManager.tsx
    ./app/dashboard/admin/courses/page.tsx @ http://localhost:3000/_next/static/chunks/node_modules_next_dist_0u_w_5s._.js:1945
[   27352ms] [ERROR] ./components/admin/AdminCourseManager.tsx:492:15
Expected '</', got '}'
  490 |                 </button>
  491 |               </li>
> 492 |             ))}
      |               ^
  493 |           </ul>
  494 |         </div>
  495 |

Parsing ecmascript source code failed

Import trace:
  Server Component:
    ./components/admin/AdminCourseManager.tsx
    ./app/dashboard/admin/courses/page.tsx @ http://localhost:3000/_next/static/chunks/node_modules_next_dist_0u_w_5s._.js:1945
[   27412ms] [ERROR] ./components/admin/AdminCourseManager.tsx:492:15
Expected '</', got '}'
  490 |                 </button>
  491 |               </li>
> 492 |             ))}
      |               ^
  493 |           </ul>
  494 |         </div>
  495 |

Parsing ecmascript source code failed

Import trace:
  Server Component:
    ./components/admin/AdminCourseManager.tsx
    ./app/dashboard/admin/courses/page.tsx @ http://localhost:3000/_next/static/chunks/node_modules_next_dist_0u_w_5s._.js:1945
[   27472ms] [ERROR] ./components/admin/AdminCourseManager.tsx:492:15
Expected '</', got '}'
  490 |                 </button>
  491 |               </li>
> 492 |             ))}
      |               ^
  493 |           </ul>
  494 |         </div>
  495 |

Parsing ecmascript source code failed

Import trace:
  Server Component:
    ./components/admin/AdminCourseManager.tsx
    ./app/dashboard/admin/courses/page.tsx @ http://localhost:3000/_next/static/chunks/node_modules_next_dist_0u_w_5s._.js:1945
[   27536ms] [ERROR] ./components/admin/AdminCourseManager.tsx:492:15
Expected '</', got '}'
  490 |                 </button>
  491 |               </li>
> 492 |             ))}
      |               ^
  493 |           </ul>
  494 |         </div>
  495 |

Parsing ecmascript source code failed

Import trace:
  Server Component:
    ./components/admin/AdminCourseManager.tsx
    ./app/dashboard/admin/courses/page.tsx @ http://localhost:3000/_next/static/chunks/node_modules_next_dist_0u_w_5s._.js:1945
[   27595ms] [ERROR] ./components/admin/AdminCourseManager.tsx:492:15
Expected '</', got '}'
  490 |                 </button>
  491 |               </li>
> 492 |             ))}
      |               ^
  493 |           </ul>
  494 |         </div>
  495 |

Parsing ecmascript source code failed

Import trace:
  Server Component:
    ./components/admin/AdminCourseManager.tsx
    ./app/dashboard/admin/courses/page.tsx @ http://localhost:3000/_next/static/chunks/node_modules_next_dist_0u_w_5s._.js:1945
[   27659ms] [ERROR] ./components/admin/AdminCourseManager.tsx:492:15
Expected '</', got '}'
  490 |                 </button>
  491 |               </li>
> 492 |             ))}
      |               ^
  493 |           </ul>
  494 |         </div>
  495 |

Parsing ecmascript source code failed

Import trace:
  Server Component:
    ./components/admin/AdminCourseManager.tsx
    ./app/dashboard/admin/courses/page.tsx @ http://localhost:3000/_next/static/chunks/node_modules_next_dist_0u_w_5s._.js:1945
[   27722ms] [ERROR] ./components/admin/AdminCourseManager.tsx:492:15
Expected '</', got '}'
  490 |                 </button>
  491 |               </li>
> 492 |             ))}
      |               ^
  493 |           </ul>
  494 |         </div>
  495 |

Parsing ecmascript source code failed

Import trace:
  Server Component:
    ./components/admin/AdminCourseManager.tsx
    ./app/dashboard/admin/courses/page.tsx @ http://localhost:3000/_next/static/chunks/node_modules_next_dist_0u_w_5s._.js:1945
[   27784ms] [ERROR] ./components/admin/AdminCourseManager.tsx:492:15
Expected '</', got '}'
  490 |                 </button>
  491 |               </li>
> 492 |             ))}
      |               ^
  493 |           </ul>
  494 |         </div>
  495 |

Parsing ecmascript source code failed

Import trace:
  Server Component:
    ./components/admin/AdminCourseManager.tsx
    ./app/dashboard/admin/courses/page.tsx @ http://localhost:3000/_next/static/chunks/node_modules_next_dist_0u_w_5s._.js:1945
[   27846ms] [ERROR] ./components/admin/AdminCourseManager.tsx:492:15
Expected '</', got '}'
  490 |                 </button>
  491 |               </li>
> 492 |             ))}
      |               ^
  493 |           </ul>
  494 |         </div>
  495 |

Parsing ecmascript source code failed

Import trace:
  Server Component:
    ./components/admin/AdminCourseManager.tsx
    ./app/dashboard/admin/courses/page.tsx @ http://localhost:3000/_next/static/chunks/node_modules_next_dist_0u_w_5s._.js:1945
[   27908ms] [ERROR] ./components/admin/AdminCourseManager.tsx:492:15
Expected '</', got '}'
  490 |                 </button>
  491 |               </li>
> 492 |             ))}
      |               ^
  493 |           </ul>
  494 |         </div>
  495 |

Parsing ecmascript source code failed

Import trace:
  Server Component:
    ./components/admin/AdminCourseManager.tsx
    ./app/dashboard/admin/courses/page.tsx @ http://localhost:3000/_next/static/chunks/node_modules_next_dist_0u_w_5s._.js:1945
[   27970ms] [ERROR] ./components/admin/AdminCourseManager.tsx:492:15
Expected '</', got '}'
  490 |                 </button>
  491 |               </li>
> 492 |             ))}
      |               ^
  493 |           </ul>
  494 |         </div>
  495 |

Parsing ecmascript source code failed

Import trace:
  Server Component:
    ./components/admin/AdminCourseManager.tsx
    ./app/dashboard/admin/courses/page.tsx @ http://localhost:3000/_next/static/chunks/node_modules_next_dist_0u_w_5s._.js:1945
[   28034ms] [ERROR] ./components/admin/AdminCourseManager.tsx:492:15
Expected '</', got '}'
  490 |                 </button>
  491 |               </li>
> 492 |             ))}
      |               ^
  493 |           </ul>
  494 |         </div>
  495 |

Parsing ecmascript source code failed

Import trace:
  Server Component:
    ./components/admin/AdminCourseManager.tsx
    ./app/dashboard/admin/courses/page.tsx @ http://localhost:3000/_next/static/chunks/node_modules_next_dist_0u_w_5s._.js:1945
[   28095ms] [ERROR] ./components/admin/AdminCourseManager.tsx:492:15
Expected '</', got '}'
  490 |                 </button>
  491 |               </li>
> 492 |             ))}
      |               ^
  493 |           </ul>
  494 |         </div>
  495 |

Parsing ecmascript source code failed

Import trace:
  Server Component:
    ./components/admin/AdminCourseManager.tsx
    ./app/dashboard/admin/courses/page.tsx @ http://localhost:3000/_next/static/chunks/node_modules_next_dist_0u_w_5s._.js:1945
[   28156ms] [ERROR] ./components/admin/AdminCourseManager.tsx:492:15
Expected '</', got '}'
  490 |                 </button>
  491 |               </li>
> 492 |             ))}
      |               ^
  493 |           </ul>
  494 |         </div>
  495 |

Parsing ecmascript source code failed

Import trace:
  Server Component:
    ./components/admin/AdminCourseManager.tsx
    ./app/dashboard/admin/courses/page.tsx @ http://localhost:3000/_next/static/chunks/node_modules_next_dist_0u_w_5s._.js:1945
[   28218ms] [ERROR] ./components/admin/AdminCourseManager.tsx:492:15
Expected '</', got '}'
  490 |                 </button>
  491 |               </li>
> 492 |             ))}
      |               ^
  493 |           </ul>
  494 |         </div>
  495 |

Parsing ecmascript source code failed

Import trace:
  Server Component:
    ./components/admin/AdminCourseManager.tsx
    ./app/dashboard/admin/courses/page.tsx @ http://localhost:3000/_next/static/chunks/node_modules_next_dist_0u_w_5s._.js:1945
[   28281ms] [ERROR] ./components/admin/AdminCourseManager.tsx:492:15
Expected '</', got '}'
  490 |                 </button>
  491 |               </li>
> 492 |             ))}
      |               ^
  493 |           </ul>
  494 |         </div>
  495 |

Parsing ecmascript source code failed

Import trace:
  Server Component:
    ./components/admin/AdminCourseManager.tsx
    ./app/dashboard/admin/courses/page.tsx @ http://localhost:3000/_next/static/chunks/node_modules_next_dist_0u_w_5s._.js:1945
[   28342ms] [ERROR] ./components/admin/AdminCourseManager.tsx:492:15
Expected '</', got '}'
  490 |                 </button>
  491 |               </li>
> 492 |             ))}
      |               ^
  493 |           </ul>
  494 |         </div>
  495 |

Parsing ecmascript source code failed

Import trace:
  Server Component:
    ./components/admin/AdminCourseManager.tsx
    ./app/dashboard/admin/courses/page.tsx @ http://localhost:3000/_next/static/chunks/node_modules_next_dist_0u_w_5s._.js:1945
[   28403ms] [ERROR] ./components/admin/AdminCourseManager.tsx:492:15
Expected '</', got '}'
  490 |                 </button>
  491 |               </li>
> 492 |             ))}
      |               ^
  493 |           </ul>
  494 |         </div>
  495 |

Parsing ecmascript source code failed

Import trace:
  Server Component:
    ./components/admin/AdminCourseManager.tsx
    ./app/dashboard/admin/courses/page.tsx @ http://localhost:3000/_next/static/chunks/node_modules_next_dist_0u_w_5s._.js:1945
[   28467ms] [ERROR] ./components/admin/AdminCourseManager.tsx:492:15
Expected '</', got '}'
  490 |                 </button>
  491 |               </li>
> 492 |             ))}
      |               ^
  493 |           </ul>
  494 |         </div>
  495 |

Parsing ecmascript source code failed

Import trace:
  Server Component:
    ./components/admin/AdminCourseManager.tsx
    ./app/dashboard/admin/courses/page.tsx @ http://localhost:3000/_next/static/chunks/node_modules_next_dist_0u_w_5s._.js:1945
[   28529ms] [ERROR] ./components/admin/AdminCourseManager.tsx:492:15
Expected '</', got '}'
  490 |                 </button>
  491 |               </li>
> 492 |             ))}
      |               ^
  493 |           </ul>
  494 |         </div>
  495 |

Parsing ecmascript source code failed

Import trace:
  Server Component:
    ./components/admin/AdminCourseManager.tsx
    ./app/dashboard/admin/courses/page.tsx @ http://localhost:3000/_next/static/chunks/node_modules_next_dist_0u_w_5s._.js:1945
[   28592ms] [ERROR] ./components/admin/AdminCourseManager.tsx:492:15
Expected '</', got '}'
  490 |                 </button>
  491 |               </li>
> 492 |             ))}
      |               ^
  493 |           </ul>
  494 |         </div>
  495 |

Parsing ecmascript source code failed

Import trace:
  Server Component:
    ./components/admin/AdminCourseManager.tsx
    ./app/dashboard/admin/courses/page.tsx @ http://localhost:3000/_next/static/chunks/node_modules_next_dist_0u_w_5s._.js:1945
[   28655ms] [ERROR] ./components/admin/AdminCourseManager.tsx:492:15
Expected '</', got '}'
  490 |                 </button>
  491 |               </li>
> 492 |             ))}
      |               ^
  493 |           </ul>
  494 |         </div>
  495 |

Parsing ecmascript source code failed

Import trace:
  Server Component:
    ./components/admin/AdminCourseManager.tsx
    ./app/dashboard/admin/courses/page.tsx @ http://localhost:3000/_next/static/chunks/node_modules_next_dist_0u_w_5s._.js:1945
[   28716ms] [ERROR] ./components/admin/AdminCourseManager.tsx:492:15
Expected '</', got '}'
  490 |                 </button>
  491 |               </li>
> 492 |             ))}
      |               ^
  493 |           </ul>
  494 |         </div>
  495 |

Parsing ecmascript source code failed

Import trace:
  Server Component:
    ./components/admin/AdminCourseManager.tsx
    ./app/dashboard/admin/courses/page.tsx @ http://localhost:3000/_next/static/chunks/node_modules_next_dist_0u_w_5s._.js:1945
[   28778ms] [ERROR] ./components/admin/AdminCourseManager.tsx:492:15
Expected '</', got '}'
  490 |                 </button>
  491 |               </li>
> 492 |             ))}
      |               ^
  493 |           </ul>
  494 |         </div>
  495 |

Parsing ecmascript source code failed

Import trace:
  Server Component:
    ./components/admin/AdminCourseManager.tsx
    ./app/dashboard/admin/courses/page.tsx @ http://localhost:3000/_next/static/chunks/node_modules_next_dist_0u_w_5s._.js:1945
[   28842ms] [ERROR] ./components/admin/AdminCourseManager.tsx:492:15
Expected '</', got '}'
  490 |                 </button>
  491 |               </li>
> 492 |             ))}
      |               ^
  493 |           </ul>
  494 |         </div>
  495 |

Parsing ecmascript source code failed

Import trace:
  Server Component:
    ./components/admin/AdminCourseManager.tsx
    ./app/dashboard/admin/courses/page.tsx @ http://localhost:3000/_next/static/chunks/node_modules_next_dist_0u_w_5s._.js:1945
[   28903ms] [ERROR] ./components/admin/AdminCourseManager.tsx:492:15
Expected '</', got '}'
  490 |                 </button>
  491 |               </li>
> 492 |             ))}
      |               ^
  493 |           </ul>
  494 |         </div>
  495 |

Parsing ecmascript source code failed

Import trace:
  Server Component:
    ./components/admin/AdminCourseManager.tsx
    ./app/dashboard/admin/courses/page.tsx @ http://localhost:3000/_next/static/chunks/node_modules_next_dist_0u_w_5s._.js:1945
[   28965ms] [ERROR] ./components/admin/AdminCourseManager.tsx:492:15
Expected '</', got '}'
  490 |                 </button>
  491 |               </li>
> 492 |             ))}
      |               ^
  493 |           </ul>
  494 |         </div>
  495 |

Parsing ecmascript source code failed

Import trace:
  Server Component:
    ./components/admin/AdminCourseManager.tsx
    ./app/dashboard/admin/courses/page.tsx @ http://localhost:3000/_next/static/chunks/node_modules_next_dist_0u_w_5s._.js:1945
[   29028ms] [ERROR] ./components/admin/AdminCourseManager.tsx:492:15
Expected '</', got '}'
  490 |                 </button>
  491 |               </li>
> 492 |             ))}
      |               ^
  493 |           </ul>
  494 |         </div>
  495 |

Parsing ecmascript source code failed

Import trace:
  Server Component:
    ./components/admin/AdminCourseManager.tsx
    ./app/dashboard/admin/courses/page.tsx @ http://localhost:3000/_next/static/chunks/node_modules_next_dist_0u_w_5s._.js:1945
[   29090ms] [ERROR] ./components/admin/AdminCourseManager.tsx:492:15
Expected '</', got '}'
  490 |                 </button>
  491 |               </li>
> 492 |             ))}
      |               ^
  493 |           </ul>
  494 |         </div>
  495 |

Parsing ecmascript source code failed

Import trace:
  Server Component:
    ./components/admin/AdminCourseManager.tsx
    ./app/dashboard/admin/courses/page.tsx @ http://localhost:3000/_next/static/chunks/node_modules_next_dist_0u_w_5s._.js:1945
[   29152ms] [ERROR] ./components/admin/AdminCourseManager.tsx:492:15
Expected '</', got '}'
  490 |                 </button>
  491 |               </li>
> 492 |             ))}
      |               ^
  493 |           </ul>
  494 |         </div>
  495 |

Parsing ecmascript source code failed

Import trace:
  Server Component:
    ./components/admin/AdminCourseManager.tsx
    ./app/dashboard/admin/courses/page.tsx @ http://localhost:3000/_next/static/chunks/node_modules_next_dist_0u_w_5s._.js:1945
[   29215ms] [ERROR] ./components/admin/AdminCourseManager.tsx:492:15
Expected '</', got '}'
  490 |                 </button>
  491 |               </li>
> 492 |             ))}
      |               ^
  493 |           </ul>
  494 |         </div>
  495 |

Parsing ecmascript source code failed

Import trace:
  Server Component:
    ./components/admin/AdminCourseManager.tsx
    ./app/dashboard/admin/courses/page.tsx @ http://localhost:3000/_next/static/chunks/node_modules_next_dist_0u_w_5s._.js:1945
[   29284ms] [ERROR] ./components/admin/AdminCourseManager.tsx:492:15
Expected '</', got '}'
  490 |                 </button>
  491 |               </li>
> 492 |             ))}
      |               ^
  493 |           </ul>
  494 |         </div>
  495 |

Parsing ecmascript source code failed

Import trace:
  Server Component:
    ./components/admin/AdminCourseManager.tsx
    ./app/dashboard/admin/courses/page.tsx @ http://localhost:3000/_next/static/chunks/node_modules_next_dist_0u_w_5s._.js:1945
[   29347ms] [ERROR] ./components/admin/AdminCourseManager.tsx:492:15
Expected '</', got '}'
  490 |                 </button>
  491 |               </li>
> 492 |             ))}
      |               ^
  493 |           </ul>
  494 |         </div>
  495 |

Parsing ecmascript source code failed

Import trace:
  Server Component:
    ./components/admin/AdminCourseManager.tsx
    ./app/dashboard/admin/courses/page.tsx @ http://localhost:3000/_next/static/chunks/node_modules_next_dist_0u_w_5s._.js:1945
[   29404ms] [ERROR] ./components/admin/AdminCourseManager.tsx:492:15
Expected '</', got '}'
  490 |                 </button>
  491 |               </li>
> 492 |             ))}
      |               ^
  493 |           </ul>
  494 |         </div>
  495 |

Parsing ecmascript source code failed

Import trace:
  Server Component:
    ./components/admin/AdminCourseManager.tsx
    ./app/dashboard/admin/courses/page.tsx @ http://localhost:3000/_next/static/chunks/node_modules_next_dist_0u_w_5s._.js:1945
[   29465ms] [ERROR] ./components/admin/AdminCourseManager.tsx:492:15
Expected '</', got '}'
  490 |                 </button>
  491 |               </li>
> 492 |             ))}
      |               ^
  493 |           </ul>
  494 |         </div>
  495 |

Parsing ecmascript source code failed

Import trace:
  Server Component:
    ./components/admin/AdminCourseManager.tsx
    ./app/dashboard/admin/courses/page.tsx @ http://localhost:3000/_next/static/chunks/node_modules_next_dist_0u_w_5s._.js:1945
[   29530ms] [ERROR] ./components/admin/AdminCourseManager.tsx:492:15
Expected '</', got '}'
  490 |                 </button>
  491 |               </li>
> 492 |             ))}
      |               ^
  493 |           </ul>
  494 |         </div>
  495 |

Parsing ecmascript source code failed

Import trace:
  Server Component:
    ./components/admin/AdminCourseManager.tsx
    ./app/dashboard/admin/courses/page.tsx @ http://localhost:3000/_next/static/chunks/node_modules_next_dist_0u_w_5s._.js:1945
[   29589ms] [ERROR] ./components/admin/AdminCourseManager.tsx:492:15
Expected '</', got '}'
  490 |                 </button>
  491 |               </li>
> 492 |             ))}
      |               ^
  493 |           </ul>
  494 |         </div>
  495 |

Parsing ecmascript source code failed

Import trace:
  Server Component:
    ./components/admin/AdminCourseManager.tsx
    ./app/dashboard/admin/courses/page.tsx @ http://localhost:3000/_next/static/chunks/node_modules_next_dist_0u_w_5s._.js:1945
[   29652ms] [ERROR] ./components/admin/AdminCourseManager.tsx:492:15
Expected '</', got '}'
  490 |                 </button>
  491 |               </li>
> 492 |             ))}
      |               ^
  493 |           </ul>
  494 |         </div>
  495 |

Parsing ecmascript source code failed

Import trace:
  Server Component:
    ./components/admin/AdminCourseManager.tsx
    ./app/dashboard/admin/courses/page.tsx @ http://localhost:3000/_next/static/chunks/node_modules_next_dist_0u_w_5s._.js:1945
[   29714ms] [ERROR] ./components/admin/AdminCourseManager.tsx:492:15
Expected '</', got '}'
  490 |                 </button>
  491 |               </li>
> 492 |             ))}
      |               ^
  493 |           </ul>
  494 |         </div>
  495 |

Parsing ecmascript source code failed

Import trace:
  Server Component:
    ./components/admin/AdminCourseManager.tsx
    ./app/dashboard/admin/courses/page.tsx @ http://localhost:3000/_next/static/chunks/node_modules_next_dist_0u_w_5s._.js:1945
[   29774ms] [ERROR] ./components/admin/AdminCourseManager.tsx:492:15
Expected '</', got '}'
  490 |                 </button>
  491 |               </li>
> 492 |             ))}
      |               ^
  493 |           </ul>
  494 |         </div>
  495 |

Parsing ecmascript source code failed

Import trace:
  Server Component:
    ./components/admin/AdminCourseManager.tsx
    ./app/dashboard/admin/courses/page.tsx @ http://localhost:3000/_next/static/chunks/node_modules_next_dist_0u_w_5s._.js:1945
[   29837ms] [ERROR] ./components/admin/AdminCourseManager.tsx:492:15
Expected '</', got '}'
  490 |                 </button>
  491 |               </li>
> 492 |             ))}
      |               ^
  493 |           </ul>
  494 |         </div>
  495 |

Parsing ecmascript source code failed

Import trace:
  Server Component:
    ./components/admin/AdminCourseManager.tsx
    ./app/dashboard/admin/courses/page.tsx @ http://localhost:3000/_next/static/chunks/node_modules_next_dist_0u_w_5s._.js:1945
[   29899ms] [ERROR] ./components/admin/AdminCourseManager.tsx:492:15
Expected '</', got '}'
  490 |                 </button>
  491 |               </li>
> 492 |             ))}
      |               ^
  493 |           </ul>
  494 |         </div>
  495 |

Parsing ecmascript source code failed

Import trace:
  Server Component:
    ./components/admin/AdminCourseManager.tsx
    ./app/dashboard/admin/courses/page.tsx @ http://localhost:3000/_next/static/chunks/node_modules_next_dist_0u_w_5s._.js:1945
[   29963ms] [ERROR] ./components/admin/AdminCourseManager.tsx:492:15
Expected '</', got '}'
  490 |                 </button>
  491 |               </li>
> 492 |             ))}
      |               ^
  493 |           </ul>
  494 |         </div>
  495 |

Parsing ecmascript source code failed

Import trace:
  Server Component:
    ./components/admin/AdminCourseManager.tsx
    ./app/dashboard/admin/courses/page.tsx @ http://localhost:3000/_next/static/chunks/node_modules_next_dist_0u_w_5s._.js:1945
[   30024ms] [ERROR] ./components/admin/AdminCourseManager.tsx:492:15
Expected '</', got '}'
  490 |                 </button>
  491 |               </li>
> 492 |             ))}
      |               ^
  493 |           </ul>
  494 |         </div>
  495 |

Parsing ecmascript source code failed

Import trace:
  Server Component:
    ./components/admin/AdminCourseManager.tsx
    ./app/dashboard/admin/courses/page.tsx @ http://localhost:3000/_next/static/chunks/node_modules_next_dist_0u_w_5s._.js:1945
[   30088ms] [ERROR] ./components/admin/AdminCourseManager.tsx:492:15
Expected '</', got '}'
  490 |                 </button>
  491 |               </li>
> 492 |             ))}
      |               ^
  493 |           </ul>
  494 |         </div>
  495 |

Parsing ecmascript source code failed

Import trace:
  Server Component:
    ./components/admin/AdminCourseManager.tsx
    ./app/dashboard/admin/courses/page.tsx @ http://localhost:3000/_next/static/chunks/node_modules_next_dist_0u_w_5s._.js:1945
[   30150ms] [ERROR] ./components/admin/AdminCourseManager.tsx:492:15
Expected '</', got '}'
  490 |                 </button>
  491 |               </li>
> 492 |             ))}
      |               ^
  493 |           </ul>
  494 |         </div>
  495 |

Parsing ecmascript source code failed

Import trace:
  Server Component:
    ./components/admin/AdminCourseManager.tsx
    ./app/dashboard/admin/courses/page.tsx @ http://localhost:3000/_next/static/chunks/node_modules_next_dist_0u_w_5s._.js:1945
[   30214ms] [ERROR] ./components/admin/AdminCourseManager.tsx:492:15
Expected '</', got '}'
  490 |                 </button>
  491 |               </li>
> 492 |             ))}
      |               ^
  493 |           </ul>
  494 |         </div>
  495 |

Parsing ecmascript source code failed

Import trace:
  Server Component:
    ./components/admin/AdminCourseManager.tsx
    ./app/dashboard/admin/courses/page.tsx @ http://localhost:3000/_next/static/chunks/node_modules_next_dist_0u_w_5s._.js:1945
[   30278ms] [ERROR] ./components/admin/AdminCourseManager.tsx:492:15
Expected '</', got '}'
  490 |                 </button>
  491 |               </li>
> 492 |             ))}
      |               ^
  493 |           </ul>
  494 |         </div>
  495 |

Parsing ecmascript source code failed

Import trace:
  Server Component:
    ./components/admin/AdminCourseManager.tsx
    ./app/dashboard/admin/courses/page.tsx @ http://localhost:3000/_next/static/chunks/node_modules_next_dist_0u_w_5s._.js:1945
[   30340ms] [ERROR] ./components/admin/AdminCourseManager.tsx:492:15
Expected '</', got '}'
  490 |                 </button>
  491 |               </li>
> 492 |             ))}
      |               ^
  493 |           </ul>
  494 |         </div>
  495 |

Parsing ecmascript source code failed

Import trace:
  Server Component:
    ./components/admin/AdminCourseManager.tsx
    ./app/dashboard/admin/courses/page.tsx @ http://localhost:3000/_next/static/chunks/node_modules_next_dist_0u_w_5s._.js:1945
[   30402ms] [ERROR] ./components/admin/AdminCourseManager.tsx:492:15
Expected '</', got '}'
  490 |                 </button>
  491 |               </li>
> 492 |             ))}
      |               ^
  493 |           </ul>
  494 |         </div>
  495 |

Parsing ecmascript source code failed

Import trace:
  Server Component:
    ./components/admin/AdminCourseManager.tsx
    ./app/dashboard/admin/courses/page.tsx @ http://localhost:3000/_next/static/chunks/node_modules_next_dist_0u_w_5s._.js:1945
[   30462ms] [ERROR] ./components/admin/AdminCourseManager.tsx:492:15
Expected '</', got '}'
  490 |                 </button>
  491 |               </li>
> 492 |             ))}
      |               ^
  493 |           </ul>
  494 |         </div>
  495 |

Parsing ecmascript source code failed

Import trace:
  Server Component:
    ./components/admin/AdminCourseManager.tsx
    ./app/dashboard/admin/courses/page.tsx @ http://localhost:3000/_next/static/chunks/node_modules_next_dist_0u_w_5s._.js:1945
[   30524ms] [ERROR] ./components/admin/AdminCourseManager.tsx:492:15
Expected '</', got '}'
  490 |                 </button>
  491 |               </li>
> 492 |             ))}
      |               ^
  493 |           </ul>
  494 |         </div>
  495 |

Parsing ecmascript source code failed

Import trace:
  Server Component:
    ./components/admin/AdminCourseManager.tsx
    ./app/dashboard/admin/courses/page.tsx @ http://localhost:3000/_next/static/chunks/node_modules_next_dist_0u_w_5s._.js:1945
[   30588ms] [ERROR] ./components/admin/AdminCourseManager.tsx:492:15
Expected '</', got '}'
  490 |                 </button>
  491 |               </li>
> 492 |             ))}
      |               ^
  493 |           </ul>
  494 |         </div>
  495 |

Parsing ecmascript source code failed

Import trace:
  Server Component:
    ./components/admin/AdminCourseManager.tsx
    ./app/dashboard/admin/courses/page.tsx @ http://localhost:3000/_next/static/chunks/node_modules_next_dist_0u_w_5s._.js:1945
[   30651ms] [ERROR] ./components/admin/AdminCourseManager.tsx:492:15
Expected '</', got '}'
  490 |                 </button>
  491 |               </li>
> 492 |             ))}
      |               ^
  493 |           </ul>
  494 |         </div>
  495 |

Parsing ecmascript source code failed

Import trace:
  Server Component:
    ./components/admin/AdminCourseManager.tsx
    ./app/dashboard/admin/courses/page.tsx @ http://localhost:3000/_next/static/chunks/node_modules_next_dist_0u_w_5s._.js:1945
[   30712ms] [ERROR] ./components/admin/AdminCourseManager.tsx:492:15
Expected '</', got '}'
  490 |                 </button>
  491 |               </li>
> 492 |             ))}
      |               ^
  493 |           </ul>
  494 |         </div>
  495 |

Parsing ecmascript source code failed

Import trace:
  Server Component:
    ./components/admin/AdminCourseManager.tsx
    ./app/dashboard/admin/courses/page.tsx @ http://localhost:3000/_next/static/chunks/node_modules_next_dist_0u_w_5s._.js:1945
[   30775ms] [ERROR] ./components/admin/AdminCourseManager.tsx:492:15
Expected '</', got '}'
  490 |                 </button>
  491 |               </li>
> 492 |             ))}
      |               ^
  493 |           </ul>
  494 |         </div>
  495 |

Parsing ecmascript source code failed

Import trace:
  Server Component:
    ./components/admin/AdminCourseManager.tsx
    ./app/dashboard/admin/courses/page.tsx @ http://localhost:3000/_next/static/chunks/node_modules_next_dist_0u_w_5s._.js:1945
[   30837ms] [ERROR] ./components/admin/AdminCourseManager.tsx:492:15
Expected '</', got '}'
  490 |                 </button>
  491 |               </li>
> 492 |             ))}
      |               ^
  493 |           </ul>
  494 |         </div>
  495 |

Parsing ecmascript source code failed

Import trace:
  Server Component:
    ./components/admin/AdminCourseManager.tsx
    ./app/dashboard/admin/courses/page.tsx @ http://localhost:3000/_next/static/chunks/node_modules_next_dist_0u_w_5s._.js:1945
[   30899ms] [ERROR] ./components/admin/AdminCourseManager.tsx:492:15
Expected '</', got '}'
  490 |                 </button>
  491 |               </li>
> 492 |             ))}
      |               ^
  493 |           </ul>
  494 |         </div>
  495 |

Parsing ecmascript source code failed

Import trace:
  Server Component:
    ./components/admin/AdminCourseManager.tsx
    ./app/dashboard/admin/courses/page.tsx @ http://localhost:3000/_next/static/chunks/node_modules_next_dist_0u_w_5s._.js:1945
[   30961ms] [ERROR] ./components/admin/AdminCourseManager.tsx:492:15
Expected '</', got '}'
  490 |                 </button>
  491 |               </li>
> 492 |             ))}
      |               ^
  493 |           </ul>
  494 |         </div>
  495 |

Parsing ecmascript source code failed

Import trace:
  Server Component:
    ./components/admin/AdminCourseManager.tsx
    ./app/dashboard/admin/courses/page.tsx @ http://localhost:3000/_next/static/chunks/node_modules_next_dist_0u_w_5s._.js:1945
[   31022ms] [ERROR] ./components/admin/AdminCourseManager.tsx:492:15
Expected '</', got '}'
  490 |                 </button>
  491 |               </li>
> 492 |             ))}
      |               ^
  493 |           </ul>
  494 |         </div>
  495 |

Parsing ecmascript source code failed

Import trace:
  Server Component:
    ./components/admin/AdminCourseManager.tsx
    ./app/dashboard/admin/courses/page.tsx @ http://localhost:3000/_next/static/chunks/node_modules_next_dist_0u_w_5s._.js:1945
[   31085ms] [ERROR] ./components/admin/AdminCourseManager.tsx:492:15
Expected '</', got '}'
  490 |                 </button>
  491 |               </li>
> 492 |             ))}
      |               ^
  493 |           </ul>
  494 |         </div>
  495 |

Parsing ecmascript source code failed

Import trace:
  Server Component:
    ./components/admin/AdminCourseManager.tsx
    ./app/dashboard/admin/courses/page.tsx @ http://localhost:3000/_next/static/chunks/node_modules_next_dist_0u_w_5s._.js:1945
[   31147ms] [ERROR] ./components/admin/AdminCourseManager.tsx:492:15
Expected '</', got '}'
  490 |                 </button>
  491 |               </li>
> 492 |             ))}
      |               ^
  493 |           </ul>
  494 |         </div>
  495 |

Parsing ecmascript source code failed

Import trace:
  Server Component:
    ./components/admin/AdminCourseManager.tsx
    ./app/dashboard/admin/courses/page.tsx @ http://localhost:3000/_next/static/chunks/node_modules_next_dist_0u_w_5s._.js:1945
[   31209ms] [ERROR] ./components/admin/AdminCourseManager.tsx:492:15
Expected '</', got '}'
  490 |                 </button>
  491 |               </li>
> 492 |             ))}
      |               ^
  493 |           </ul>
  494 |         </div>
  495 |

Parsing ecmascript source code failed

Import trace:
  Server Component:
    ./components/admin/AdminCourseManager.tsx
    ./app/dashboard/admin/courses/page.tsx @ http://localhost:3000/_next/static/chunks/node_modules_next_dist_0u_w_5s._.js:1945
[   31272ms] [ERROR] ./components/admin/AdminCourseManager.tsx:492:15
Expected '</', got '}'
  490 |                 </button>
  491 |               </li>
> 492 |             ))}
      |               ^
  493 |           </ul>
  494 |         </div>
  495 |

Parsing ecmascript source code failed

Import trace:
  Server Component:
    ./components/admin/AdminCourseManager.tsx
    ./app/dashboard/admin/courses/page.tsx @ http://localhost:3000/_next/static/chunks/node_modules_next_dist_0u_w_5s._.js:1945
[   31335ms] [ERROR] ./components/admin/AdminCourseManager.tsx:492:15
Expected '</', got '}'
  490 |                 </button>
  491 |               </li>
> 492 |             ))}
      |               ^
  493 |           </ul>
  494 |         </div>
  495 |

Parsing ecmascript source code failed

Import trace:
  Server Component:
    ./components/admin/AdminCourseManager.tsx
    ./app/dashboard/admin/courses/page.tsx @ http://localhost:3000/_next/static/chunks/node_modules_next_dist_0u_w_5s._.js:1945
[   31398ms] [ERROR] ./components/admin/AdminCourseManager.tsx:492:15
Expected '</', got '}'
  490 |                 </button>
  491 |               </li>
> 492 |             ))}
      |               ^
  493 |           </ul>
  494 |         </div>
  495 |

Parsing ecmascript source code failed

Import trace:
  Server Component:
    ./components/admin/AdminCourseManager.tsx
    ./app/dashboard/admin/courses/page.tsx @ http://localhost:3000/_next/static/chunks/node_modules_next_dist_0u_w_5s._.js:1945
[   31461ms] [ERROR] ./components/admin/AdminCourseManager.tsx:492:15
Expected '</', got '}'
  490 |                 </button>
  491 |               </li>
> 492 |             ))}
      |               ^
  493 |           </ul>
  494 |         </div>
  495 |

Parsing ecmascript source code failed

Import trace:
  Server Component:
    ./components/admin/AdminCourseManager.tsx
    ./app/dashboard/admin/courses/page.tsx @ http://localhost:3000/_next/static/chunks/node_modules_next_dist_0u_w_5s._.js:1945
[   31523ms] [ERROR] ./components/admin/AdminCourseManager.tsx:492:15
Expected '</', got '}'
  490 |                 </button>
  491 |               </li>
> 492 |             ))}
      |               ^
  493 |           </ul>
  494 |         </div>
  495 |

Parsing ecmascript source code failed

Import trace:
  Server Component:
    ./components/admin/AdminCourseManager.tsx
    ./app/dashboard/admin/courses/page.tsx @ http://localhost:3000/_next/static/chunks/node_modules_next_dist_0u_w_5s._.js:1945
[   31588ms] [ERROR] ./components/admin/AdminCourseManager.tsx:492:15
Expected '</', got '}'
  490 |                 </button>
  491 |               </li>
> 492 |             ))}
      |               ^
  493 |           </ul>
  494 |         </div>
  495 |

Parsing ecmascript source code failed

Import trace:
  Server Component:
    ./components/admin/AdminCourseManager.tsx
    ./app/dashboard/admin/courses/page.tsx @ http://localhost:3000/_next/static/chunks/node_modules_next_dist_0u_w_5s._.js:1945
[   31650ms] [ERROR] ./components/admin/AdminCourseManager.tsx:492:15
Expected '</', got '}'
  490 |                 </button>
  491 |               </li>
> 492 |             ))}
      |               ^
  493 |           </ul>
  494 |         </div>
  495 |

Parsing ecmascript source code failed

Import trace:
  Server Component:
    ./components/admin/AdminCourseManager.tsx
    ./app/dashboard/admin/courses/page.tsx @ http://localhost:3000/_next/static/chunks/node_modules_next_dist_0u_w_5s._.js:1945
[   31711ms] [ERROR] ./components/admin/AdminCourseManager.tsx:492:15
Expected '</', got '}'
  490 |                 </button>
  491 |               </li>
> 492 |             ))}
      |               ^
  493 |           </ul>
  494 |         </div>
  495 |

Parsing ecmascript source code failed

Import trace:
  Server Component:
    ./components/admin/AdminCourseManager.tsx
    ./app/dashboard/admin/courses/page.tsx @ http://localhost:3000/_next/static/chunks/node_modules_next_dist_0u_w_5s._.js:1945
[   31774ms] [ERROR] ./components/admin/AdminCourseManager.tsx:492:15
Expected '</', got '}'
  490 |                 </button>
  491 |               </li>
> 492 |             ))}
      |               ^
  493 |           </ul>
  494 |         </div>
  495 |

Parsing ecmascript source code failed

Import trace:
  Server Component:
    ./components/admin/AdminCourseManager.tsx
    ./app/dashboard/admin/courses/page.tsx @ http://localhost:3000/_next/static/chunks/node_modules_next_dist_0u_w_5s._.js:1945
[   31835ms] [ERROR] ./components/admin/AdminCourseManager.tsx:492:15
Expected '</', got '}'
  490 |                 </button>
  491 |               </li>
> 492 |             ))}
      |               ^
  493 |           </ul>
  494 |         </div>
  495 |

Parsing ecmascript source code failed

Import trace:
  Server Component:
    ./components/admin/AdminCourseManager.tsx
    ./app/dashboard/admin/courses/page.tsx @ http://localhost:3000/_next/static/chunks/node_modules_next_dist_0u_w_5s._.js:1945
[   31899ms] [ERROR] ./components/admin/AdminCourseManager.tsx:492:15
Expected '</', got '}'
  490 |                 </button>
  491 |               </li>
> 492 |             ))}
      |               ^
  493 |           </ul>
  494 |         </div>
  495 |

Parsing ecmascript source code failed

Import trace:
  Server Component:
    ./components/admin/AdminCourseManager.tsx
    ./app/dashboard/admin/courses/page.tsx @ http://localhost:3000/_next/static/chunks/node_modules_next_dist_0u_w_5s._.js:1945
[   31963ms] [ERROR] ./components/admin/AdminCourseManager.tsx:492:15
Expected '</', got '}'
  490 |                 </button>
  491 |               </li>
> 492 |             ))}
      |               ^
  493 |           </ul>
  494 |         </div>
  495 |

Parsing ecmascript source code failed

Import trace:
  Server Component:
    ./components/admin/AdminCourseManager.tsx
    ./app/dashboard/admin/courses/page.tsx @ http://localhost:3000/_next/static/chunks/node_modules_next_dist_0u_w_5s._.js:1945
[   32024ms] [ERROR] ./components/admin/AdminCourseManager.tsx:492:15
Expected '</', got '}'
  490 |                 </button>
  491 |               </li>
> 492 |             ))}
      |               ^
  493 |           </ul>
  494 |         </div>
  495 |

Parsing ecmascript source code failed

Import trace:
  Server Component:
    ./components/admin/AdminCourseManager.tsx
    ./app/dashboard/admin/courses/page.tsx @ http://localhost:3000/_next/static/chunks/node_modules_next_dist_0u_w_5s._.js:1945
[   32086ms] [ERROR] ./components/admin/AdminCourseManager.tsx:492:15
Expected '</', got '}'
  490 |                 </button>
  491 |               </li>
> 492 |             ))}
      |               ^
  493 |           </ul>
  494 |         </div>
  495 |

Parsing ecmascript source code failed

Import trace:
  Server Component:
    ./components/admin/AdminCourseManager.tsx
    ./app/dashboard/admin/courses/page.tsx @ http://localhost:3000/_next/static/chunks/node_modules_next_dist_0u_w_5s._.js:1945
[   32150ms] [ERROR] ./components/admin/AdminCourseManager.tsx:492:15
Expected '</', got '}'
  490 |                 </button>
  491 |               </li>
> 492 |             ))}
      |               ^
  493 |           </ul>
  494 |         </div>
  495 |

Parsing ecmascript source code failed

Import trace:
  Server Component:
    ./components/admin/AdminCourseManager.tsx
    ./app/dashboard/admin/courses/page.tsx @ http://localhost:3000/_next/static/chunks/node_modules_next_dist_0u_w_5s._.js:1945
[   32213ms] [ERROR] ./components/admin/AdminCourseManager.tsx:492:15
Expected '</', got '}'
  490 |                 </button>
  491 |               </li>
> 492 |             ))}
      |               ^
  493 |           </ul>
  494 |         </div>
  495 |

Parsing ecmascript source code failed

Import trace:
  Server Component:
    ./components/admin/AdminCourseManager.tsx
    ./app/dashboard/admin/courses/page.tsx @ http://localhost:3000/_next/static/chunks/node_modules_next_dist_0u_w_5s._.js:1945
[   32280ms] [ERROR] ./components/admin/AdminCourseManager.tsx:492:15
Expected '</', got '}'
  490 |                 </button>
  491 |               </li>
> 492 |             ))}
      |               ^
  493 |           </ul>
  494 |         </div>
  495 |

Parsing ecmascript source code failed

Import trace:
  Server Component:
    ./components/admin/AdminCourseManager.tsx
    ./app/dashboard/admin/courses/page.tsx @ http://localhost:3000/_next/static/chunks/node_modules_next_dist_0u_w_5s._.js:1945
[   32342ms] [ERROR] ./components/admin/AdminCourseManager.tsx:492:15
Expected '</', got '}'
  490 |                 </button>
  491 |               </li>
> 492 |             ))}
      |               ^
  493 |           </ul>
  494 |         </div>
  495 |

Parsing ecmascript source code failed

Import trace:
  Server Component:
    ./components/admin/AdminCourseManager.tsx
    ./app/dashboard/admin/courses/page.tsx @ http://localhost:3000/_next/static/chunks/node_modules_next_dist_0u_w_5s._.js:1945
[   32405ms] [ERROR] ./components/admin/AdminCourseManager.tsx:492:15
Expected '</', got '}'
  490 |                 </button>
  491 |               </li>
> 492 |             ))}
      |               ^
  493 |           </ul>
  494 |         </div>
  495 |

Parsing ecmascript source code failed

Import trace:
  Server Component:
    ./components/admin/AdminCourseManager.tsx
    ./app/dashboard/admin/courses/page.tsx @ http://localhost:3000/_next/static/chunks/node_modules_next_dist_0u_w_5s._.js:1945
[   32467ms] [ERROR] ./components/admin/AdminCourseManager.tsx:492:15
Expected '</', got '}'
  490 |                 </button>
  491 |               </li>
> 492 |             ))}
      |               ^
  493 |           </ul>
  494 |         </div>
  495 |

Parsing ecmascript source code failed

Import trace:
  Server Component:
    ./components/admin/AdminCourseManager.tsx
    ./app/dashboard/admin/courses/page.tsx @ http://localhost:3000/_next/static/chunks/node_modules_next_dist_0u_w_5s._.js:1945
[   32531ms] [ERROR] ./components/admin/AdminCourseManager.tsx:492:15
Expected '</', got '}'
  490 |                 </button>
  491 |               </li>
> 492 |             ))}
      |               ^
  493 |           </ul>
  494 |         </div>
  495 |

Parsing ecmascript source code failed

Import trace:
  Server Component:
    ./components/admin/AdminCourseManager.tsx
    ./app/dashboard/admin/courses/page.tsx @ http://localhost:3000/_next/static/chunks/node_modules_next_dist_0u_w_5s._.js:1945
[   32590ms] [ERROR] ./components/admin/AdminCourseManager.tsx:492:15
Expected '</', got '}'
  490 |                 </button>
  491 |               </li>
> 492 |             ))}
      |               ^
  493 |           </ul>
  494 |         </div>
  495 |

Parsing ecmascript source code failed

Import trace:
  Server Component:
    ./components/admin/AdminCourseManager.tsx
    ./app/dashboard/admin/courses/page.tsx @ http://localhost:3000/_next/static/chunks/node_modules_next_dist_0u_w_5s._.js:1945
[   32650ms] [ERROR] ./components/admin/AdminCourseManager.tsx:492:15
Expected '</', got '}'
  490 |                 </button>
  491 |               </li>
> 492 |             ))}
      |               ^
  493 |           </ul>
  494 |         </div>
  495 |

Parsing ecmascript source code failed

Import trace:
  Server Component:
    ./components/admin/AdminCourseManager.tsx
    ./app/dashboard/admin/courses/page.tsx @ http://localhost:3000/_next/static/chunks/node_modules_next_dist_0u_w_5s._.js:1945
[   32713ms] [ERROR] ./components/admin/AdminCourseManager.tsx:492:15
Expected '</', got '}'
  490 |                 </button>
  491 |               </li>
> 492 |             ))}
      |               ^
  493 |           </ul>
  494 |         </div>
  495 |

Parsing ecmascript source code failed

Import trace:
  Server Component:
    ./components/admin/AdminCourseManager.tsx
    ./app/dashboard/admin/courses/page.tsx @ http://localhost:3000/_next/static/chunks/node_modules_next_dist_0u_w_5s._.js:1945
[   32776ms] [ERROR] ./components/admin/AdminCourseManager.tsx:492:15
Expected '</', got '}'
  490 |                 </button>
  491 |               </li>
> 492 |             ))}
      |               ^
  493 |           </ul>
  494 |         </div>
  495 |

Parsing ecmascript source code failed

Import trace:
  Server Component:
    ./components/admin/AdminCourseManager.tsx
    ./app/dashboard/admin/courses/page.tsx @ http://localhost:3000/_next/static/chunks/node_modules_next_dist_0u_w_5s._.js:1945
[   32836ms] [ERROR] ./components/admin/AdminCourseManager.tsx:492:15
Expected '</', got '}'
  490 |                 </button>
  491 |               </li>
> 492 |             ))}
      |               ^
  493 |           </ul>
  494 |         </div>
  495 |

Parsing ecmascript source code failed

Import trace:
  Server Component:
    ./components/admin/AdminCourseManager.tsx
    ./app/dashboard/admin/courses/page.tsx @ http://localhost:3000/_next/static/chunks/node_modules_next_dist_0u_w_5s._.js:1945
[   32898ms] [ERROR] ./components/admin/AdminCourseManager.tsx:492:15
Expected '</', got '}'
  490 |                 </button>
  491 |               </li>
> 492 |             ))}
      |               ^
  493 |           </ul>
  494 |         </div>
  495 |

Parsing ecmascript source code failed

Import trace:
  Server Component:
    ./components/admin/AdminCourseManager.tsx
    ./app/dashboard/admin/courses/page.tsx @ http://localhost:3000/_next/static/chunks/node_modules_next_dist_0u_w_5s._.js:1945
[   32960ms] [ERROR] ./components/admin/AdminCourseManager.tsx:492:15
Expected '</', got '}'
  490 |                 </button>
  491 |               </li>
> 492 |             ))}
      |               ^
  493 |           </ul>
  494 |         </div>
  495 |

Parsing ecmascript source code failed

Import trace:
  Server Component:
    ./components/admin/AdminCourseManager.tsx
    ./app/dashboard/admin/courses/page.tsx @ http://localhost:3000/_next/static/chunks/node_modules_next_dist_0u_w_5s._.js:1945
[   33023ms] [ERROR] ./components/admin/AdminCourseManager.tsx:492:15
Expected '</', got '}'
  490 |                 </button>
  491 |               </li>
> 492 |             ))}
      |               ^
  493 |           </ul>
  494 |         </div>
  495 |

Parsing ecmascript source code failed

Import trace:
  Server Component:
    ./components/admin/AdminCourseManager.tsx
    ./app/dashboard/admin/courses/page.tsx @ http://localhost:3000/_next/static/chunks/node_modules_next_dist_0u_w_5s._.js:1945
[   33086ms] [ERROR] ./components/admin/AdminCourseManager.tsx:492:15
Expected '</', got '}'
  490 |                 </button>
  491 |               </li>
> 492 |             ))}
      |               ^
  493 |           </ul>
  494 |         </div>
  495 |

Parsing ecmascript source code failed

Import trace:
  Server Component:
    ./components/admin/AdminCourseManager.tsx
    ./app/dashboard/admin/courses/page.tsx @ http://localhost:3000/_next/static/chunks/node_modules_next_dist_0u_w_5s._.js:1945
[   33150ms] [ERROR] ./components/admin/AdminCourseManager.tsx:492:15
Expected '</', got '}'
  490 |                 </button>
  491 |               </li>
> 492 |             ))}
      |               ^
  493 |           </ul>
  494 |         </div>
  495 |

Parsing ecmascript source code failed

Import trace:
  Server Component:
    ./components/admin/AdminCourseManager.tsx
    ./app/dashboard/admin/courses/page.tsx @ http://localhost:3000/_next/static/chunks/node_modules_next_dist_0u_w_5s._.js:1945
[   33213ms] [ERROR] ./components/admin/AdminCourseManager.tsx:492:15
Expected '</', got '}'
  490 |                 </button>
  491 |               </li>
> 492 |             ))}
      |               ^
  493 |           </ul>
  494 |         </div>
  495 |

Parsing ecmascript source code failed

Import trace:
  Server Component:
    ./components/admin/AdminCourseManager.tsx
    ./app/dashboard/admin/courses/page.tsx @ http://localhost:3000/_next/static/chunks/node_modules_next_dist_0u_w_5s._.js:1945
[   33274ms] [ERROR] ./components/admin/AdminCourseManager.tsx:492:15
Expected '</', got '}'
  490 |                 </button>
  491 |               </li>
> 492 |             ))}
      |               ^
  493 |           </ul>
  494 |         </div>
  495 |

Parsing ecmascript source code failed

Import trace:
  Server Component:
    ./components/admin/AdminCourseManager.tsx
    ./app/dashboard/admin/courses/page.tsx @ http://localhost:3000/_next/static/chunks/node_modules_next_dist_0u_w_5s._.js:1945
[   33337ms] [ERROR] ./components/admin/AdminCourseManager.tsx:492:15
Expected '</', got '}'
  490 |                 </button>
  491 |               </li>
> 492 |             ))}
      |               ^
  493 |           </ul>
  494 |         </div>
  495 |

Parsing ecmascript source code failed

Import trace:
  Server Component:
    ./components/admin/AdminCourseManager.tsx
    ./app/dashboard/admin/courses/page.tsx @ http://localhost:3000/_next/static/chunks/node_modules_next_dist_0u_w_5s._.js:1945
[   33399ms] [ERROR] ./components/admin/AdminCourseManager.tsx:492:15
Expected '</', got '}'
  490 |                 </button>
  491 |               </li>
> 492 |             ))}
      |               ^
  493 |           </ul>
  494 |         </div>
  495 |

Parsing ecmascript source code failed

Import trace:
  Server Component:
    ./components/admin/AdminCourseManager.tsx
    ./app/dashboard/admin/courses/page.tsx @ http://localhost:3000/_next/static/chunks/node_modules_next_dist_0u_w_5s._.js:1945
[   33462ms] [ERROR] ./components/admin/AdminCourseManager.tsx:492:15
Expected '</', got '}'
  490 |                 </button>
  491 |               </li>
> 492 |             ))}
      |               ^
  493 |           </ul>
  494 |         </div>
  495 |

Parsing ecmascript source code failed

Import trace:
  Server Component:
    ./components/admin/AdminCourseManager.tsx
    ./app/dashboard/admin/courses/page.tsx @ http://localhost:3000/_next/static/chunks/node_modules_next_dist_0u_w_5s._.js:1945
[   33524ms] [ERROR] ./components/admin/AdminCourseManager.tsx:492:15
Expected '</', got '}'
  490 |                 </button>
  491 |               </li>
> 492 |             ))}
      |               ^
  493 |           </ul>
  494 |         </div>
  495 |

Parsing ecmascript source code failed

Import trace:
  Server Component:
    ./components/admin/AdminCourseManager.tsx
    ./app/dashboard/admin/courses/page.tsx @ http://localhost:3000/_next/static/chunks/node_modules_next_dist_0u_w_5s._.js:1945
[   33586ms] [ERROR] ./components/admin/AdminCourseManager.tsx:492:15
Expected '</', got '}'
  490 |                 </button>
  491 |               </li>
> 492 |             ))}
      |               ^
  493 |           </ul>
  494 |         </div>
  495 |

Parsing ecmascript source code failed

Import trace:
  Server Component:
    ./components/admin/AdminCourseManager.tsx
    ./app/dashboard/admin/courses/page.tsx @ http://localhost:3000/_next/static/chunks/node_modules_next_dist_0u_w_5s._.js:1945
[   33649ms] [ERROR] ./components/admin/AdminCourseManager.tsx:492:15
Expected '</', got '}'
  490 |                 </button>
  491 |               </li>
> 492 |             ))}
      |               ^
  493 |           </ul>
  494 |         </div>
  495 |

Parsing ecmascript source code failed

Import trace:
  Server Component:
    ./components/admin/AdminCourseManager.tsx
    ./app/dashboard/admin/courses/page.tsx @ http://localhost:3000/_next/static/chunks/node_modules_next_dist_0u_w_5s._.js:1945
[   33710ms] [ERROR] ./components/admin/AdminCourseManager.tsx:492:15
Expected '</', got '}'
  490 |                 </button>
  491 |               </li>
> 492 |             ))}
      |               ^
  493 |           </ul>
  494 |         </div>
  495 |

Parsing ecmascript source code failed

Import trace:
  Server Component:
    ./components/admin/AdminCourseManager.tsx
    ./app/dashboard/admin/courses/page.tsx @ http://localhost:3000/_next/static/chunks/node_modules_next_dist_0u_w_5s._.js:1945
[   33773ms] [ERROR] ./components/admin/AdminCourseManager.tsx:492:15
Expected '</', got '}'
  490 |                 </button>
  491 |               </li>
> 492 |             ))}
      |               ^
  493 |           </ul>
  494 |         </div>
  495 |

Parsing ecmascript source code failed

Import trace:
  Server Component:
    ./components/admin/AdminCourseManager.tsx
    ./app/dashboard/admin/courses/page.tsx @ http://localhost:3000/_next/static/chunks/node_modules_next_dist_0u_w_5s._.js:1945
[   33836ms] [ERROR] ./components/admin/AdminCourseManager.tsx:492:15
Expected '</', got '}'
  490 |                 </button>
  491 |               </li>
> 492 |             ))}
      |               ^
  493 |           </ul>
  494 |         </div>
  495 |

Parsing ecmascript source code failed

Import trace:
  Server Component:
    ./components/admin/AdminCourseManager.tsx
    ./app/dashboard/admin/courses/page.tsx @ http://localhost:3000/_next/static/chunks/node_modules_next_dist_0u_w_5s._.js:1945
[   33899ms] [ERROR] ./components/admin/AdminCourseManager.tsx:492:15
Expected '</', got '}'
  490 |                 </button>
  491 |               </li>
> 492 |             ))}
      |               ^
  493 |           </ul>
  494 |         </div>
  495 |

Parsing ecmascript source code failed

Import trace:
  Server Component:
    ./components/admin/AdminCourseManager.tsx
    ./app/dashboard/admin/courses/page.tsx @ http://localhost:3000/_next/static/chunks/node_modules_next_dist_0u_w_5s._.js:1945
[   33962ms] [ERROR] ./components/admin/AdminCourseManager.tsx:492:15
Expected '</', got '}'
  490 |                 </button>
  491 |               </li>
> 492 |             ))}
      |               ^
  493 |           </ul>
  494 |         </div>
  495 |

Parsing ecmascript source code failed

Import trace:
  Server Component:
    ./components/admin/AdminCourseManager.tsx
    ./app/dashboard/admin/courses/page.tsx @ http://localhost:3000/_next/static/chunks/node_modules_next_dist_0u_w_5s._.js:1945
[   34025ms] [ERROR] ./components/admin/AdminCourseManager.tsx:492:15
Expected '</', got '}'
  490 |                 </button>
  491 |               </li>
> 492 |             ))}
      |               ^
  493 |           </ul>
  494 |         </div>
  495 |

Parsing ecmascript source code failed

Import trace:
  Server Component:
    ./components/admin/AdminCourseManager.tsx
    ./app/dashboard/admin/courses/page.tsx @ http://localhost:3000/_next/static/chunks/node_modules_next_dist_0u_w_5s._.js:1945
[   34088ms] [ERROR] ./components/admin/AdminCourseManager.tsx:492:15
Expected '</', got '}'
  490 |                 </button>
  491 |               </li>
> 492 |             ))}
      |               ^
  493 |           </ul>
  494 |         </div>
  495 |

Parsing ecmascript source code failed

Import trace:
  Server Component:
    ./components/admin/AdminCourseManager.tsx
    ./app/dashboard/admin/courses/page.tsx @ http://localhost:3000/_next/static/chunks/node_modules_next_dist_0u_w_5s._.js:1945
[   34151ms] [ERROR] ./components/admin/AdminCourseManager.tsx:492:15
Expected '</', got '}'
  490 |                 </button>
  491 |               </li>
> 492 |             ))}
      |               ^
  493 |           </ul>
  494 |         </div>
  495 |

Parsing ecmascript source code failed

Import trace:
  Server Component:
    ./components/admin/AdminCourseManager.tsx
    ./app/dashboard/admin/courses/page.tsx @ http://localhost:3000/_next/static/chunks/node_modules_next_dist_0u_w_5s._.js:1945
[   34215ms] [ERROR] ./components/admin/AdminCourseManager.tsx:492:15
Expected '</', got '}'
  490 |                 </button>
  491 |               </li>
> 492 |             ))}
      |               ^
  493 |           </ul>
  494 |         </div>
  495 |

Parsing ecmascript source code failed

Import trace:
  Server Component:
    ./components/admin/AdminCourseManager.tsx
    ./app/dashboard/admin/courses/page.tsx @ http://localhost:3000/_next/static/chunks/node_modules_next_dist_0u_w_5s._.js:1945
[   34278ms] [ERROR] ./components/admin/AdminCourseManager.tsx:492:15
Expected '</', got '}'
  490 |                 </button>
  491 |               </li>
> 492 |             ))}
      |               ^
  493 |           </ul>
  494 |         </div>
  495 |

Parsing ecmascript source code failed

Import trace:
  Server Component:
    ./components/admin/AdminCourseManager.tsx
    ./app/dashboard/admin/courses/page.tsx @ http://localhost:3000/_next/static/chunks/node_modules_next_dist_0u_w_5s._.js:1945
[   34341ms] [ERROR] ./components/admin/AdminCourseManager.tsx:492:15
Expected '</', got '}'
  490 |                 </button>
  491 |               </li>
> 492 |             ))}
      |               ^
  493 |           </ul>
  494 |         </div>
  495 |

Parsing ecmascript source code failed

Import trace:
  Server Component:
    ./components/admin/AdminCourseManager.tsx
    ./app/dashboard/admin/courses/page.tsx @ http://localhost:3000/_next/static/chunks/node_modules_next_dist_0u_w_5s._.js:1945
[   34404ms] [ERROR] ./components/admin/AdminCourseManager.tsx:492:15
Expected '</', got '}'
  490 |                 </button>
  491 |               </li>
> 492 |             ))}
      |               ^
  493 |           </ul>
  494 |         </div>
  495 |

Parsing ecmascript source code failed

Import trace:
  Server Component:
    ./components/admin/AdminCourseManager.tsx
    ./app/dashboard/admin/courses/page.tsx @ http://localhost:3000/_next/static/chunks/node_modules_next_dist_0u_w_5s._.js:1945
[   34465ms] [ERROR] ./components/admin/AdminCourseManager.tsx:492:15
Expected '</', got '}'
  490 |                 </button>
  491 |               </li>
> 492 |             ))}
      |               ^
  493 |           </ul>
  494 |         </div>
  495 |

Parsing ecmascript source code failed

Import trace:
  Server Component:
    ./components/admin/AdminCourseManager.tsx
    ./app/dashboard/admin/courses/page.tsx @ http://localhost:3000/_next/static/chunks/node_modules_next_dist_0u_w_5s._.js:1945
[   34528ms] [ERROR] ./components/admin/AdminCourseManager.tsx:492:15
Expected '</', got '}'
  490 |                 </button>
  491 |               </li>
> 492 |             ))}
      |               ^
  493 |           </ul>
  494 |         </div>
  495 |

Parsing ecmascript source code failed

Import trace:
  Server Component:
    ./components/admin/AdminCourseManager.tsx
    ./app/dashboard/admin/courses/page.tsx @ http://localhost:3000/_next/static/chunks/node_modules_next_dist_0u_w_5s._.js:1945
[   34592ms] [ERROR] ./components/admin/AdminCourseManager.tsx:492:15
Expected '</', got '}'
  490 |                 </button>
  491 |               </li>
> 492 |             ))}
      |               ^
  493 |           </ul>
  494 |         </div>
  495 |

Parsing ecmascript source code failed

Import trace:
  Server Component:
    ./components/admin/AdminCourseManager.tsx
    ./app/dashboard/admin/courses/page.tsx @ http://localhost:3000/_next/static/chunks/node_modules_next_dist_0u_w_5s._.js:1945
[   34654ms] [ERROR] ./components/admin/AdminCourseManager.tsx:492:15
Expected '</', got '}'
  490 |                 </button>
  491 |               </li>
> 492 |             ))}
      |               ^
  493 |           </ul>
  494 |         </div>
  495 |

Parsing ecmascript source code failed

Import trace:
  Server Component:
    ./components/admin/AdminCourseManager.tsx
    ./app/dashboard/admin/courses/page.tsx @ http://localhost:3000/_next/static/chunks/node_modules_next_dist_0u_w_5s._.js:1945
[   34716ms] [ERROR] ./components/admin/AdminCourseManager.tsx:492:15
Expected '</', got '}'
  490 |                 </button>
  491 |               </li>
> 492 |             ))}
      |               ^
  493 |           </ul>
  494 |         </div>
  495 |

Parsing ecmascript source code failed

Import trace:
  Server Component:
    ./components/admin/AdminCourseManager.tsx
    ./app/dashboard/admin/courses/page.tsx @ http://localhost:3000/_next/static/chunks/node_modules_next_dist_0u_w_5s._.js:1945
[   34780ms] [ERROR] ./components/admin/AdminCourseManager.tsx:492:15
Expected '</', got '}'
  490 |                 </button>
  491 |               </li>
> 492 |             ))}
      |               ^
  493 |           </ul>
  494 |         </div>
  495 |

Parsing ecmascript source code failed

Import trace:
  Server Component:
    ./components/admin/AdminCourseManager.tsx
    ./app/dashboard/admin/courses/page.tsx @ http://localhost:3000/_next/static/chunks/node_modules_next_dist_0u_w_5s._.js:1945
[   34845ms] [ERROR] ./components/admin/AdminCourseManager.tsx:492:15
Expected '</', got '}'
  490 |                 </button>
  491 |               </li>
> 492 |             ))}
      |               ^
  493 |           </ul>
  494 |         </div>
  495 |

Parsing ecmascript source code failed

Import trace:
  Server Component:
    ./components/admin/AdminCourseManager.tsx
    ./app/dashboard/admin/courses/page.tsx @ http://localhost:3000/_next/static/chunks/node_modules_next_dist_0u_w_5s._.js:1945
[   34907ms] [ERROR] ./components/admin/AdminCourseManager.tsx:492:15
Expected '</', got '}'
  490 |                 </button>
  491 |               </li>
> 492 |             ))}
      |               ^
  493 |           </ul>
  494 |         </div>
  495 |

Parsing ecmascript source code failed

Import trace:
  Server Component:
    ./components/admin/AdminCourseManager.tsx
    ./app/dashboard/admin/courses/page.tsx @ http://localhost:3000/_next/static/chunks/node_modules_next_dist_0u_w_5s._.js:1945
[   34970ms] [ERROR] ./components/admin/AdminCourseManager.tsx:492:15
Expected '</', got '}'
  490 |                 </button>
  491 |               </li>
> 492 |             ))}
      |               ^
  493 |           </ul>
  494 |         </div>
  495 |

Parsing ecmascript source code failed

Import trace:
  Server Component:
    ./components/admin/AdminCourseManager.tsx
    ./app/dashboard/admin/courses/page.tsx @ http://localhost:3000/_next/static/chunks/node_modules_next_dist_0u_w_5s._.js:1945
[   35032ms] [ERROR] ./components/admin/AdminCourseManager.tsx:492:15
Expected '</', got '}'
  490 |                 </button>
  491 |               </li>
> 492 |             ))}
      |               ^
  493 |           </ul>
  494 |         </div>
  495 |

Parsing ecmascript source code failed

Import trace:
  Server Component:
    ./components/admin/AdminCourseManager.tsx
    ./app/dashboard/admin/courses/page.tsx @ http://localhost:3000/_next/static/chunks/node_modules_next_dist_0u_w_5s._.js:1945
[   35096ms] [ERROR] ./components/admin/AdminCourseManager.tsx:492:15
Expected '</', got '}'
  490 |                 </button>
  491 |               </li>
> 492 |             ))}
      |               ^
  493 |           </ul>
  494 |         </div>
  495 |

Parsing ecmascript source code failed

Import trace:
  Server Component:
    ./components/admin/AdminCourseManager.tsx
    ./app/dashboard/admin/courses/page.tsx @ http://localhost:3000/_next/static/chunks/node_modules_next_dist_0u_w_5s._.js:1945
[   35157ms] [ERROR] ./components/admin/AdminCourseManager.tsx:492:15
Expected '</', got '}'
  490 |                 </button>
  491 |               </li>
> 492 |             ))}
      |               ^
  493 |           </ul>
  494 |         </div>
  495 |

Parsing ecmascript source code failed

Import trace:
  Server Component:
    ./components/admin/AdminCourseManager.tsx
    ./app/dashboard/admin/courses/page.tsx @ http://localhost:3000/_next/static/chunks/node_modules_next_dist_0u_w_5s._.js:1945
[   35218ms] [ERROR] ./components/admin/AdminCourseManager.tsx:492:15
Expected '</', got '}'
  490 |                 </button>
  491 |               </li>
> 492 |             ))}
      |               ^
  493 |           </ul>
  494 |         </div>
  495 |

Parsing ecmascript source code failed

Import trace:
  Server Component:
    ./components/admin/AdminCourseManager.tsx
    ./app/dashboard/admin/courses/page.tsx @ http://localhost:3000/_next/static/chunks/node_modules_next_dist_0u_w_5s._.js:1945
[   35279ms] [ERROR] ./components/admin/AdminCourseManager.tsx:492:15
Expected '</', got '}'
  490 |                 </button>
  491 |               </li>
> 492 |             ))}
      |               ^
  493 |           </ul>
  494 |         </div>
  495 |

Parsing ecmascript source code failed

Import trace:
  Server Component:
    ./components/admin/AdminCourseManager.tsx
    ./app/dashboard/admin/courses/page.tsx @ http://localhost:3000/_next/static/chunks/node_modules_next_dist_0u_w_5s._.js:1945
[   35341ms] [ERROR] ./components/admin/AdminCourseManager.tsx:492:15
Expected '</', got '}'
  490 |                 </button>
  491 |               </li>
> 492 |             ))}
      |               ^
  493 |           </ul>
  494 |         </div>
  495 |

Parsing ecmascript source code failed

Import trace:
  Server Component:
    ./components/admin/AdminCourseManager.tsx
    ./app/dashboard/admin/courses/page.tsx @ http://localhost:3000/_next/static/chunks/node_modules_next_dist_0u_w_5s._.js:1945
[   35405ms] [ERROR] ./components/admin/AdminCourseManager.tsx:492:15
Expected '</', got '}'
  490 |                 </button>
  491 |               </li>
> 492 |             ))}
      |               ^
  493 |           </ul>
  494 |         </div>
  495 |

Parsing ecmascript source code failed

Import trace:
  Server Component:
    ./components/admin/AdminCourseManager.tsx
    ./app/dashboard/admin/courses/page.tsx @ http://localhost:3000/_next/static/chunks/node_modules_next_dist_0u_w_5s._.js:1945
[   35466ms] [ERROR] ./components/admin/AdminCourseManager.tsx:492:15
Expected '</', got '}'
  490 |                 </button>
  491 |               </li>
> 492 |             ))}
      |               ^
  493 |           </ul>
  494 |         </div>
  495 |

Parsing ecmascript source code failed

Import trace:
  Server Component:
    ./components/admin/AdminCourseManager.tsx
    ./app/dashboard/admin/courses/page.tsx @ http://localhost:3000/_next/static/chunks/node_modules_next_dist_0u_w_5s._.js:1945
[   35530ms] [ERROR] ./components/admin/AdminCourseManager.tsx:492:15
Expected '</', got '}'
  490 |                 </button>
  491 |               </li>
> 492 |             ))}
      |               ^
  493 |           </ul>
  494 |         </div>
  495 |

Parsing ecmascript source code failed

Import trace:
  Server Component:
    ./components/admin/AdminCourseManager.tsx
    ./app/dashboard/admin/courses/page.tsx @ http://localhost:3000/_next/static/chunks/node_modules_next_dist_0u_w_5s._.js:1945
[   35591ms] [ERROR] ./components/admin/AdminCourseManager.tsx:492:15
Expected '</', got '}'
  490 |                 </button>
  491 |               </li>
> 492 |             ))}
      |               ^
  493 |           </ul>
  494 |         </div>
  495 |

Parsing ecmascript source code failed

Import trace:
  Server Component:
    ./components/admin/AdminCourseManager.tsx
    ./app/dashboard/admin/courses/page.tsx @ http://localhost:3000/_next/static/chunks/node_modules_next_dist_0u_w_5s._.js:1945
[   35653ms] [ERROR] ./components/admin/AdminCourseManager.tsx:492:15
Expected '</', got '}'
  490 |                 </button>
  491 |               </li>
> 492 |             ))}
      |               ^
  493 |           </ul>
  494 |         </div>
  495 |

Parsing ecmascript source code failed

Import trace:
  Server Component:
    ./components/admin/AdminCourseManager.tsx
    ./app/dashboard/admin/courses/page.tsx @ http://localhost:3000/_next/static/chunks/node_modules_next_dist_0u_w_5s._.js:1945
[   35715ms] [ERROR] ./components/admin/AdminCourseManager.tsx:492:15
Expected '</', got '}'
  490 |                 </button>
  491 |               </li>
> 492 |             ))}
      |               ^
  493 |           </ul>
  494 |         </div>
  495 |

Parsing ecmascript source code failed

Import trace:
  Server Component:
    ./components/admin/AdminCourseManager.tsx
    ./app/dashboard/admin/courses/page.tsx @ http://localhost:3000/_next/static/chunks/node_modules_next_dist_0u_w_5s._.js:1945
[   35777ms] [ERROR] ./components/admin/AdminCourseManager.tsx:492:15
Expected '</', got '}'
  490 |                 </button>
  491 |               </li>
> 492 |             ))}
      |               ^
  493 |           </ul>
  494 |         </div>
  495 |

Parsing ecmascript source code failed

Import trace:
  Server Component:
    ./components/admin/AdminCourseManager.tsx
    ./app/dashboard/admin/courses/page.tsx @ http://localhost:3000/_next/static/chunks/node_modules_next_dist_0u_w_5s._.js:1945
[   35841ms] [ERROR] ./components/admin/AdminCourseManager.tsx:492:15
Expected '</', got '}'
  490 |                 </button>
  491 |               </li>
> 492 |             ))}
      |               ^
  493 |           </ul>
  494 |         </div>
  495 |

Parsing ecmascript source code failed

Import trace:
  Server Component:
    ./components/admin/AdminCourseManager.tsx
    ./app/dashboard/admin/courses/page.tsx @ http://localhost:3000/_next/static/chunks/node_modules_next_dist_0u_w_5s._.js:1945
[   35902ms] [ERROR] ./components/admin/AdminCourseManager.tsx:492:15
Expected '</', got '}'
  490 |                 </button>
  491 |               </li>
> 492 |             ))}
      |               ^
  493 |           </ul>
  494 |         </div>
  495 |

Parsing ecmascript source code failed

Import trace:
  Server Component:
    ./components/admin/AdminCourseManager.tsx
    ./app/dashboard/admin/courses/page.tsx @ http://localhost:3000/_next/static/chunks/node_modules_next_dist_0u_w_5s._.js:1945
[   35965ms] [ERROR] ./components/admin/AdminCourseManager.tsx:492:15
Expected '</', got '}'
  490 |                 </button>
  491 |               </li>
> 492 |             ))}
      |               ^
  493 |           </ul>
  494 |         </div>
  495 |

Parsing ecmascript source code failed

Import trace:
  Server Component:
    ./components/admin/AdminCourseManager.tsx
    ./app/dashboard/admin/courses/page.tsx @ http://localhost:3000/_next/static/chunks/node_modules_next_dist_0u_w_5s._.js:1945
[   36028ms] [ERROR] ./components/admin/AdminCourseManager.tsx:492:15
Expected '</', got '}'
  490 |                 </button>
  491 |               </li>
> 492 |             ))}
      |               ^
  493 |           </ul>
  494 |         </div>
  495 |

Parsing ecmascript source code failed

Import trace:
  Server Component:
    ./components/admin/AdminCourseManager.tsx
    ./app/dashboard/admin/courses/page.tsx @ http://localhost:3000/_next/static/chunks/node_modules_next_dist_0u_w_5s._.js:1945
[   36089ms] [ERROR] ./components/admin/AdminCourseManager.tsx:492:15
Expected '</', got '}'
  490 |                 </button>
  491 |               </li>
> 492 |             ))}
      |               ^
  493 |           </ul>
  494 |         </div>
  495 |

Parsing ecmascript source code failed

Import trace:
  Server Component:
    ./components/admin/AdminCourseManager.tsx
    ./app/dashboard/admin/courses/page.tsx @ http://localhost:3000/_next/static/chunks/node_modules_next_dist_0u_w_5s._.js:1945
[   36151ms] [ERROR] ./components/admin/AdminCourseManager.tsx:492:15
Expected '</', got '}'
  490 |                 </button>
  491 |               </li>
> 492 |             ))}
      |               ^
  493 |           </ul>
  494 |         </div>
  495 |

Parsing ecmascript source code failed

Import trace:
  Server Component:
    ./components/admin/AdminCourseManager.tsx
    ./app/dashboard/admin/courses/page.tsx @ http://localhost:3000/_next/static/chunks/node_modules_next_dist_0u_w_5s._.js:1945
[   36214ms] [ERROR] ./components/admin/AdminCourseManager.tsx:492:15
Expected '</', got '}'
  490 |                 </button>
  491 |               </li>
> 492 |             ))}
      |               ^
  493 |           </ul>
  494 |         </div>
  495 |

Parsing ecmascript source code failed

Import trace:
  Server Component:
    ./components/admin/AdminCourseManager.tsx
    ./app/dashboard/admin/courses/page.tsx @ http://localhost:3000/_next/static/chunks/node_modules_next_dist_0u_w_5s._.js:1945
[   36277ms] [ERROR] ./components/admin/AdminCourseManager.tsx:492:15
Expected '</', got '}'
  490 |                 </button>
  491 |               </li>
> 492 |             ))}
      |               ^
  493 |           </ul>
  494 |         </div>
  495 |

Parsing ecmascript source code failed

Import trace:
  Server Component:
    ./components/admin/AdminCourseManager.tsx
    ./app/dashboard/admin/courses/page.tsx @ http://localhost:3000/_next/static/chunks/node_modules_next_dist_0u_w_5s._.js:1945
[   36339ms] [ERROR] ./components/admin/AdminCourseManager.tsx:492:15
Expected '</', got '}'
  490 |                 </button>
  491 |               </li>
> 492 |             ))}
      |               ^
  493 |           </ul>
  494 |         </div>
  495 |

Parsing ecmascript source code failed

Import trace:
  Server Component:
    ./components/admin/AdminCourseManager.tsx
    ./app/dashboard/admin/courses/page.tsx @ http://localhost:3000/_next/static/chunks/node_modules_next_dist_0u_w_5s._.js:1945
[   36402ms] [ERROR] ./components/admin/AdminCourseManager.tsx:492:15
Expected '</', got '}'
  490 |                 </button>
  491 |               </li>
> 492 |             ))}
      |               ^
  493 |           </ul>
  494 |         </div>
  495 |

Parsing ecmascript source code failed

Import trace:
  Server Component:
    ./components/admin/AdminCourseManager.tsx
    ./app/dashboard/admin/courses/page.tsx @ http://localhost:3000/_next/static/chunks/node_modules_next_dist_0u_w_5s._.js:1945
[   36465ms] [ERROR] ./components/admin/AdminCourseManager.tsx:492:15
Expected '</', got '}'
  490 |                 </button>
  491 |               </li>
> 492 |             ))}
      |               ^
  493 |           </ul>
  494 |         </div>
  495 |

Parsing ecmascript source code failed

Import trace:
  Server Component:
    ./components/admin/AdminCourseManager.tsx
    ./app/dashboard/admin/courses/page.tsx @ http://localhost:3000/_next/static/chunks/node_modules_next_dist_0u_w_5s._.js:1945
[   36529ms] [ERROR] ./components/admin/AdminCourseManager.tsx:492:15
Expected '</', got '}'
  490 |                 </button>
  491 |               </li>
> 492 |             ))}
      |               ^
  493 |           </ul>
  494 |         </div>
  495 |

Parsing ecmascript source code failed

Import trace:
  Server Component:
    ./components/admin/AdminCourseManager.tsx
    ./app/dashboard/admin/courses/page.tsx @ http://localhost:3000/_next/static/chunks/node_modules_next_dist_0u_w_5s._.js:1945
[   36589ms] [ERROR] ./components/admin/AdminCourseManager.tsx:492:15
Expected '</', got '}'
  490 |                 </button>
  491 |               </li>
> 492 |             ))}
      |               ^
  493 |           </ul>
  494 |         </div>
  495 |

Parsing ecmascript source code failed

Import trace:
  Server Component:
    ./components/admin/AdminCourseManager.tsx
    ./app/dashboard/admin/courses/page.tsx @ http://localhost:3000/_next/static/chunks/node_modules_next_dist_0u_w_5s._.js:1945
[   36653ms] [ERROR] ./components/admin/AdminCourseManager.tsx:492:15
Expected '</', got '}'
  490 |                 </button>
  491 |               </li>
> 492 |             ))}
      |               ^
  493 |           </ul>
  494 |         </div>
  495 |

Parsing ecmascript source code failed

Import trace:
  Server Component:
    ./components/admin/AdminCourseManager.tsx
    ./app/dashboard/admin/courses/page.tsx @ http://localhost:3000/_next/static/chunks/node_modules_next_dist_0u_w_5s._.js:1945
[   36715ms] [ERROR] ./components/admin/AdminCourseManager.tsx:492:15
Expected '</', got '}'
  490 |                 </button>
  491 |               </li>
> 492 |             ))}
      |               ^
  493 |           </ul>
  494 |         </div>
  495 |

Parsing ecmascript source code failed

Import trace:
  Server Component:
    ./components/admin/AdminCourseManager.tsx
    ./app/dashboard/admin/courses/page.tsx @ http://localhost:3000/_next/static/chunks/node_modules_next_dist_0u_w_5s._.js:1945
[   36778ms] [ERROR] ./components/admin/AdminCourseManager.tsx:492:15
Expected '</', got '}'
  490 |                 </button>
  491 |               </li>
> 492 |             ))}
      |               ^
  493 |           </ul>
  494 |         </div>
  495 |

Parsing ecmascript source code failed

Import trace:
  Server Component:
    ./components/admin/AdminCourseManager.tsx
    ./app/dashboard/admin/courses/page.tsx @ http://localhost:3000/_next/static/chunks/node_modules_next_dist_0u_w_5s._.js:1945
[   36840ms] [ERROR] ./components/admin/AdminCourseManager.tsx:492:15
Expected '</', got '}'
  490 |                 </button>
  491 |               </li>
> 492 |             ))}
      |               ^
  493 |           </ul>
  494 |         </div>
  495 |

Parsing ecmascript source code failed

Import trace:
  Server Component:
    ./components/admin/AdminCourseManager.tsx
    ./app/dashboard/admin/courses/page.tsx @ http://localhost:3000/_next/static/chunks/node_modules_next_dist_0u_w_5s._.js:1945
[   36903ms] [ERROR] ./components/admin/AdminCourseManager.tsx:492:15
Expected '</', got '}'
  490 |                 </button>
  491 |               </li>
> 492 |             ))}
      |               ^
  493 |           </ul>
  494 |         </div>
  495 |

Parsing ecmascript source code failed

Import trace:
  Server Component:
    ./components/admin/AdminCourseManager.tsx
    ./app/dashboard/admin/courses/page.tsx @ http://localhost:3000/_next/static/chunks/node_modules_next_dist_0u_w_5s._.js:1945
[   36967ms] [ERROR] ./components/admin/AdminCourseManager.tsx:492:15
Expected '</', got '}'
  490 |                 </button>
  491 |               </li>
> 492 |             ))}
      |               ^
  493 |           </ul>
  494 |         </div>
  495 |

Parsing ecmascript source code failed

Import trace:
  Server Component:
    ./components/admin/AdminCourseManager.tsx
    ./app/dashboard/admin/courses/page.tsx @ http://localhost:3000/_next/static/chunks/node_modules_next_dist_0u_w_5s._.js:1945
[   37029ms] [ERROR] ./components/admin/AdminCourseManager.tsx:492:15
Expected '</', got '}'
  490 |                 </button>
  491 |               </li>
> 492 |             ))}
      |               ^
  493 |           </ul>
  494 |         </div>
  495 |

Parsing ecmascript source code failed

Import trace:
  Server Component:
    ./components/admin/AdminCourseManager.tsx
    ./app/dashboard/admin/courses/page.tsx @ http://localhost:3000/_next/static/chunks/node_modules_next_dist_0u_w_5s._.js:1945
[   37091ms] [ERROR] ./components/admin/AdminCourseManager.tsx:492:15
Expected '</', got '}'
  490 |                 </button>
  491 |               </li>
> 492 |             ))}
      |               ^
  493 |           </ul>
  494 |         </div>
  495 |

Parsing ecmascript source code failed

Import trace:
  Server Component:
    ./components/admin/AdminCourseManager.tsx
    ./app/dashboard/admin/courses/page.tsx @ http://localhost:3000/_next/static/chunks/node_modules_next_dist_0u_w_5s._.js:1945
[   37153ms] [ERROR] ./components/admin/AdminCourseManager.tsx:492:15
Expected '</', got '}'
  490 |                 </button>
  491 |               </li>
> 492 |             ))}
      |               ^
  493 |           </ul>
  494 |         </div>
  495 |

Parsing ecmascript source code failed

Import trace:
  Server Component:
    ./components/admin/AdminCourseManager.tsx
    ./app/dashboard/admin/courses/page.tsx @ http://localhost:3000/_next/static/chunks/node_modules_next_dist_0u_w_5s._.js:1945
[   37215ms] [ERROR] ./components/admin/AdminCourseManager.tsx:492:15
Expected '</', got '}'
  490 |                 </button>
  491 |               </li>
> 492 |             ))}
      |               ^
  493 |           </ul>
  494 |         </div>
  495 |

Parsing ecmascript source code failed

Import trace:
  Server Component:
    ./components/admin/AdminCourseManager.tsx
    ./app/dashboard/admin/courses/page.tsx @ http://localhost:3000/_next/static/chunks/node_modules_next_dist_0u_w_5s._.js:1945
[   37278ms] [ERROR] ./components/admin/AdminCourseManager.tsx:492:15
Expected '</', got '}'
  490 |                 </button>
  491 |               </li>
> 492 |             ))}
      |               ^
  493 |           </ul>
  494 |         </div>
  495 |

Parsing ecmascript source code failed

Import trace:
  Server Component:
    ./components/admin/AdminCourseManager.tsx
    ./app/dashboard/admin/courses/page.tsx @ http://localhost:3000/_next/static/chunks/node_modules_next_dist_0u_w_5s._.js:1945
[   37340ms] [ERROR] ./components/admin/AdminCourseManager.tsx:492:15
Expected '</', got '}'
  490 |                 </button>
  491 |               </li>
> 492 |             ))}
      |               ^
  493 |           </ul>
  494 |         </div>
  495 |

Parsing ecmascript source code failed

Import trace:
  Server Component:
    ./components/admin/AdminCourseManager.tsx
    ./app/dashboard/admin/courses/page.tsx @ http://localhost:3000/_next/static/chunks/node_modules_next_dist_0u_w_5s._.js:1945
[   37402ms] [ERROR] ./components/admin/AdminCourseManager.tsx:492:15
Expected '</', got '}'
  490 |                 </button>
  491 |               </li>
> 492 |             ))}
      |               ^
  493 |           </ul>
  494 |         </div>
  495 |

Parsing ecmascript source code failed

Import trace:
  Server Component:
    ./components/admin/AdminCourseManager.tsx
    ./app/dashboard/admin/courses/page.tsx @ http://localhost:3000/_next/static/chunks/node_modules_next_dist_0u_w_5s._.js:1945
[   37466ms] [ERROR] ./components/admin/AdminCourseManager.tsx:492:15
Expected '</', got '}'
  490 |                 </button>
  491 |               </li>
> 492 |             ))}
      |               ^
  493 |           </ul>
  494 |         </div>
  495 |

Parsing ecmascript source code failed

Import trace:
  Server Component:
    ./components/admin/AdminCourseManager.tsx
    ./app/dashboard/admin/courses/page.tsx @ http://localhost:3000/_next/static/chunks/node_modules_next_dist_0u_w_5s._.js:1945
[   37529ms] [ERROR] ./components/admin/AdminCourseManager.tsx:492:15
Expected '</', got '}'
  490 |                 </button>
  491 |               </li>
> 492 |             ))}
      |               ^
  493 |           </ul>
  494 |         </div>
  495 |

Parsing ecmascript source code failed

Import trace:
  Server Component:
    ./components/admin/AdminCourseManager.tsx
    ./app/dashboard/admin/courses/page.tsx @ http://localhost:3000/_next/static/chunks/node_modules_next_dist_0u_w_5s._.js:1945
[   37591ms] [ERROR] ./components/admin/AdminCourseManager.tsx:492:15
Expected '</', got '}'
  490 |                 </button>
  491 |               </li>
> 492 |             ))}
      |               ^
  493 |           </ul>
  494 |         </div>
  495 |

Parsing ecmascript source code failed

Import trace:
  Server Component:
    ./components/admin/AdminCourseManager.tsx
    ./app/dashboard/admin/courses/page.tsx @ http://localhost:3000/_next/static/chunks/node_modules_next_dist_0u_w_5s._.js:1945
[   37655ms] [ERROR] ./components/admin/AdminCourseManager.tsx:492:15
Expected '</', got '}'
  490 |                 </button>
  491 |               </li>
> 492 |             ))}
      |               ^
  493 |           </ul>
  494 |         </div>
  495 |

Parsing ecmascript source code failed

Import trace:
  Server Component:
    ./components/admin/AdminCourseManager.tsx
    ./app/dashboard/admin/courses/page.tsx @ http://localhost:3000/_next/static/chunks/node_modules_next_dist_0u_w_5s._.js:1945
[   37717ms] [ERROR] ./components/admin/AdminCourseManager.tsx:492:15
Expected '</', got '}'
  490 |                 </button>
  491 |               </li>
> 492 |             ))}
      |               ^
  493 |           </ul>
  494 |         </div>
  495 |

Parsing ecmascript source code failed

Import trace:
  Server Component:
    ./components/admin/AdminCourseManager.tsx
    ./app/dashboard/admin/courses/page.tsx @ http://localhost:3000/_next/static/chunks/node_modules_next_dist_0u_w_5s._.js:1945
[   37781ms] [ERROR] ./components/admin/AdminCourseManager.tsx:492:15
Expected '</', got '}'
  490 |                 </button>
  491 |               </li>
> 492 |             ))}
      |               ^
  493 |           </ul>
  494 |         </div>
  495 |

Parsing ecmascript source code failed

Import trace:
  Server Component:
    ./components/admin/AdminCourseManager.tsx
    ./app/dashboard/admin/courses/page.tsx @ http://localhost:3000/_next/static/chunks/node_modules_next_dist_0u_w_5s._.js:1945
[   37842ms] [ERROR] ./components/admin/AdminCourseManager.tsx:492:15
Expected '</', got '}'
  490 |                 </button>
  491 |               </li>
> 492 |             ))}
      |               ^
  493 |           </ul>
  494 |         </div>
  495 |

Parsing ecmascript source code failed

Import trace:
  Server Component:
    ./components/admin/AdminCourseManager.tsx
    ./app/dashboard/admin/courses/page.tsx @ http://localhost:3000/_next/static/chunks/node_modules_next_dist_0u_w_5s._.js:1945
[   37906ms] [ERROR] ./components/admin/AdminCourseManager.tsx:492:15
Expected '</', got '}'
  490 |                 </button>
  491 |               </li>
> 492 |             ))}
      |               ^
  493 |           </ul>
  494 |         </div>
  495 |

Parsing ecmascript source code failed

Import trace:
  Server Component:
    ./components/admin/AdminCourseManager.tsx
    ./app/dashboard/admin/courses/page.tsx @ http://localhost:3000/_next/static/chunks/node_modules_next_dist_0u_w_5s._.js:1945
[   38017ms] [ERROR] ./components/admin/AdminCourseManager.tsx:492:15
Expected '</', got '}'
  490 |                 </button>
  491 |               </li>
> 492 |             ))}
      |               ^
  493 |           </ul>
  494 |         </div>
  495 |

Parsing ecmascript source code failed

Import trace:
  Server Component:
    ./components/admin/AdminCourseManager.tsx
    ./app/dashboard/admin/courses/page.tsx @ http://localhost:3000/_next/static/chunks/node_modules_next_dist_0u_w_5s._.js:1945
[   38106ms] [LOG] [Fast Refresh] rebuilding @ http://localhost:3000/_next/static/chunks/node_modules_next_dist_0u_w_5s._.js:1226
[   38169ms] [ERROR] ./components/admin/AdminCourseManager.tsx:492:15
Expected '</', got '}'
  490 |                 </button>
  491 |               </li>
> 492 |             ))}
      |               ^
  493 |           </ul>
  494 |         </div>
  495 |

Parsing ecmascript source code failed

Import trace:
  Server Component:
    ./components/admin/AdminCourseManager.tsx
    ./app/dashboard/admin/courses/page.tsx @ http://localhost:3000/_next/static/chunks/node_modules_next_dist_0u_w_5s._.js:1945
[   38231ms] [ERROR] ./components/admin/AdminCourseManager.tsx:492:15
Expected '</', got '}'
  490 |                 </button>
  491 |               </li>
> 492 |             ))}
      |               ^
  493 |           </ul>
  494 |         </div>
  495 |

Parsing ecmascript source code failed

Import trace:
  Server Component:
    ./components/admin/AdminCourseManager.tsx
    ./app/dashboard/admin/courses/page.tsx @ http://localhost:3000/_next/static/chunks/node_modules_next_dist_0u_w_5s._.js:1945
[   38292ms] [ERROR] ./components/admin/AdminCourseManager.tsx:492:15
Expected '</', got '}'
  490 |                 </button>
  491 |               </li>
> 492 |             ))}
      |               ^
  493 |           </ul>
  494 |         </div>
  495 |

Parsing ecmascript source code failed

Import trace:
  Server Component:
    ./components/admin/AdminCourseManager.tsx
    ./app/dashboard/admin/courses/page.tsx @ http://localhost:3000/_next/static/chunks/node_modules_next_dist_0u_w_5s._.js:1945
[   38357ms] [ERROR] ./components/admin/AdminCourseManager.tsx:492:15
Expected '</', got '}'
  490 |                 </button>
  491 |               </li>
> 492 |             ))}
      |               ^
  493 |           </ul>
  494 |         </div>
  495 |

Parsing ecmascript source code failed

Import trace:
  Server Component:
    ./components/admin/AdminCourseManager.tsx
    ./app/dashboard/admin/courses/page.tsx @ http://localhost:3000/_next/static/chunks/node_modules_next_dist_0u_w_5s._.js:1945
[   38418ms] [ERROR] ./components/admin/AdminCourseManager.tsx:492:15
Expected '</', got '}'
  490 |                 </button>
  491 |               </li>
> 492 |             ))}
      |               ^
  493 |           </ul>
  494 |         </div>
  495 |

Parsing ecmascript source code failed

Import trace:
  Server Component:
    ./components/admin/AdminCourseManager.tsx
    ./app/dashboard/admin/courses/page.tsx @ http://localhost:3000/_next/static/chunks/node_modules_next_dist_0u_w_5s._.js:1945
[   38481ms] [ERROR] ./components/admin/AdminCourseManager.tsx:492:15
Expected '</', got '}'
  490 |                 </button>
  491 |               </li>
> 492 |             ))}
      |               ^
  493 |           </ul>
  494 |         </div>
  495 |

Parsing ecmascript source code failed

Import trace:
  Server Component:
    ./components/admin/AdminCourseManager.tsx
    ./app/dashboard/admin/courses/page.tsx @ http://localhost:3000/_next/static/chunks/node_modules_next_dist_0u_w_5s._.js:1945
[   38542ms] [ERROR] ./components/admin/AdminCourseManager.tsx:492:15
Expected '</', got '}'
  490 |                 </button>
  491 |               </li>
> 492 |             ))}
      |               ^
  493 |           </ul>
  494 |         </div>
  495 |

Parsing ecmascript source code failed

Import trace:
  Server Component:
    ./components/admin/AdminCourseManager.tsx
    ./app/dashboard/admin/courses/page.tsx @ http://localhost:3000/_next/static/chunks/node_modules_next_dist_0u_w_5s._.js:1945
[   38605ms] [ERROR] ./components/admin/AdminCourseManager.tsx:492:15
Expected '</', got '}'
  490 |                 </button>
  491 |               </li>
> 492 |             ))}
      |               ^
  493 |           </ul>
  494 |         </div>
  495 |

Parsing ecmascript source code failed

Import trace:
  Server Component:
    ./components/admin/AdminCourseManager.tsx
    ./app/dashboard/admin/courses/page.tsx @ http://localhost:3000/_next/static/chunks/node_modules_next_dist_0u_w_5s._.js:1945
[   38668ms] [ERROR] ./components/admin/AdminCourseManager.tsx:492:15
Expected '</', got '}'
  490 |                 </button>
  491 |               </li>
> 492 |             ))}
      |               ^
  493 |           </ul>
  494 |         </div>
  495 |

Parsing ecmascript source code failed

Import trace:
  Server Component:
    ./components/admin/AdminCourseManager.tsx
    ./app/dashboard/admin/courses/page.tsx @ http://localhost:3000/_next/static/chunks/node_modules_next_dist_0u_w_5s._.js:1945
[   38731ms] [ERROR] ./components/admin/AdminCourseManager.tsx:492:15
Expected '</', got '}'
  490 |                 </button>
  491 |               </li>
> 492 |             ))}
      |               ^
  493 |           </ul>
  494 |         </div>
  495 |

Parsing ecmascript source code failed

Import trace:
  Server Component:
    ./components/admin/AdminCourseManager.tsx
    ./app/dashboard/admin/courses/page.tsx @ http://localhost:3000/_next/static/chunks/node_modules_next_dist_0u_w_5s._.js:1945
[   38793ms] [ERROR] ./components/admin/AdminCourseManager.tsx:492:15
Expected '</', got '}'
  490 |                 </button>
  491 |               </li>
> 492 |             ))}
      |               ^
  493 |           </ul>
  494 |         </div>
  495 |

Parsing ecmascript source code failed

Import trace:
  Server Component:
    ./components/admin/AdminCourseManager.tsx
    ./app/dashboard/admin/courses/page.tsx @ http://localhost:3000/_next/static/chunks/node_modules_next_dist_0u_w_5s._.js:1945
[   38855ms] [ERROR] ./components/admin/AdminCourseManager.tsx:492:15
Expected '</', got '}'
  490 |                 </button>
  491 |               </li>
> 492 |             ))}
      |               ^
  493 |           </ul>
  494 |         </div>
  495 |

Parsing ecmascript source code failed

Import trace:
  Server Component:
    ./components/admin/AdminCourseManager.tsx
    ./app/dashboard/admin/courses/page.tsx @ http://localhost:3000/_next/static/chunks/node_modules_next_dist_0u_w_5s._.js:1945
[   38919ms] [ERROR] ./components/admin/AdminCourseManager.tsx:492:15
Expected '</', got '}'
  490 |                 </button>
  491 |               </li>
> 492 |             ))}
      |               ^
  493 |           </ul>
  494 |         </div>
  495 |

Parsing ecmascript source code failed

Import trace:
  Server Component:
    ./components/admin/AdminCourseManager.tsx
    ./app/dashboard/admin/courses/page.tsx @ http://localhost:3000/_next/static/chunks/node_modules_next_dist_0u_w_5s._.js:1945
[   38981ms] [ERROR] ./components/admin/AdminCourseManager.tsx:492:15
Expected '</', got '}'
  490 |                 </button>
  491 |               </li>
> 492 |             ))}
      |               ^
  493 |           </ul>
  494 |         </div>
  495 |

Parsing ecmascript source code failed

Import trace:
  Server Component:
    ./components/admin/AdminCourseManager.tsx
    ./app/dashboard/admin/courses/page.tsx @ http://localhost:3000/_next/static/chunks/node_modules_next_dist_0u_w_5s._.js:1945
[   39045ms] [ERROR] ./components/admin/AdminCourseManager.tsx:492:15
Expected '</', got '}'
  490 |                 </button>
  491 |               </li>
> 492 |             ))}
      |               ^
  493 |           </ul>
  494 |         </div>
  495 |

Parsing ecmascript source code failed

Import trace:
  Server Component:
    ./components/admin/AdminCourseManager.tsx
    ./app/dashboard/admin/courses/page.tsx @ http://localhost:3000/_next/static/chunks/node_modules_next_dist_0u_w_5s._.js:1945
[   39106ms] [ERROR] ./components/admin/AdminCourseManager.tsx:492:15
Expected '</', got '}'
  490 |                 </button>
  491 |               </li>
> 492 |             ))}
      |               ^
  493 |           </ul>
  494 |         </div>
  495 |

Parsing ecmascript source code failed

Import trace:
  Server Component:
    ./components/admin/AdminCourseManager.tsx
    ./app/dashboard/admin/courses/page.tsx @ http://localhost:3000/_next/static/chunks/node_modules_next_dist_0u_w_5s._.js:1945
[   39168ms] [ERROR] ./components/admin/AdminCourseManager.tsx:492:15
Expected '</', got '}'
  490 |                 </button>
  491 |               </li>
> 492 |             ))}
      |               ^
  493 |           </ul>
  494 |         </div>
  495 |

Parsing ecmascript source code failed

Import trace:
  Server Component:
    ./components/admin/AdminCourseManager.tsx
    ./app/dashboard/admin/courses/page.tsx @ http://localhost:3000/_next/static/chunks/node_modules_next_dist_0u_w_5s._.js:1945
[   39231ms] [ERROR] ./components/admin/AdminCourseManager.tsx:492:15
Expected '</', got '}'
  490 |                 </button>
  491 |               </li>
> 492 |             ))}
      |               ^
  493 |           </ul>
  494 |         </div>
  495 |

Parsing ecmascript source code failed

Import trace:
  Server Component:
    ./components/admin/AdminCourseManager.tsx
    ./app/dashboard/admin/courses/page.tsx @ http://localhost:3000/_next/static/chunks/node_modules_next_dist_0u_w_5s._.js:1945
[   39292ms] [ERROR] ./components/admin/AdminCourseManager.tsx:492:15
Expected '</', got '}'
  490 |                 </button>
  491 |               </li>
> 492 |             ))}
      |               ^
  493 |           </ul>
  494 |         </div>
  495 |

Parsing ecmascript source code failed

Import trace:
  Server Component:
    ./components/admin/AdminCourseManager.tsx
    ./app/dashboard/admin/courses/page.tsx @ http://localhost:3000/_next/static/chunks/node_modules_next_dist_0u_w_5s._.js:1945
[   39355ms] [ERROR] ./components/admin/AdminCourseManager.tsx:492:15
Expected '</', got '}'
  490 |                 </button>
  491 |               </li>
> 492 |             ))}
      |               ^
  493 |           </ul>
  494 |         </div>
  495 |

Parsing ecmascript source code failed

Import trace:
  Server Component:
    ./components/admin/AdminCourseManager.tsx
    ./app/dashboard/admin/courses/page.tsx @ http://localhost:3000/_next/static/chunks/node_modules_next_dist_0u_w_5s._.js:1945
[   39416ms] [ERROR] ./components/admin/AdminCourseManager.tsx:492:15
Expected '</', got '}'
  490 |                 </button>
  491 |               </li>
> 492 |             ))}
      |               ^
  493 |           </ul>
  494 |         </div>
  495 |

Parsing ecmascript source code failed

Import trace:
  Server Component:
    ./components/admin/AdminCourseManager.tsx
    ./app/dashboard/admin/courses/page.tsx @ http://localhost:3000/_next/static/chunks/node_modules_next_dist_0u_w_5s._.js:1945
[   39479ms] [ERROR] ./components/admin/AdminCourseManager.tsx:492:15
Expected '</', got '}'
  490 |                 </button>
  491 |               </li>
> 492 |             ))}
      |               ^
  493 |           </ul>
  494 |         </div>
  495 |

Parsing ecmascript source code failed

Import trace:
  Server Component:
    ./components/admin/AdminCourseManager.tsx
    ./app/dashboard/admin/courses/page.tsx @ http://localhost:3000/_next/static/chunks/node_modules_next_dist_0u_w_5s._.js:1945
[   39540ms] [ERROR] ./components/admin/AdminCourseManager.tsx:492:15
Expected '</', got '}'
  490 |                 </button>
  491 |               </li>
> 492 |             ))}
      |               ^
  493 |           </ul>
  494 |         </div>
  495 |

Parsing ecmascript source code failed

Import trace:
  Server Component:
    ./components/admin/AdminCourseManager.tsx
    ./app/dashboard/admin/courses/page.tsx @ http://localhost:3000/_next/static/chunks/node_modules_next_dist_0u_w_5s._.js:1945
[   39604ms] [ERROR] ./components/admin/AdminCourseManager.tsx:492:15
Expected '</', got '}'
  490 |                 </button>
  491 |               </li>
> 492 |             ))}
      |               ^
  493 |           </ul>
  494 |         </div>
  495 |

Parsing ecmascript source code failed

Import trace:
  Server Component:
    ./components/admin/AdminCourseManager.tsx
    ./app/dashboard/admin/courses/page.tsx @ http://localhost:3000/_next/static/chunks/node_modules_next_dist_0u_w_5s._.js:1945
[   39667ms] [ERROR] ./components/admin/AdminCourseManager.tsx:492:15
Expected '</', got '}'
  490 |                 </button>
  491 |               </li>
> 492 |             ))}
      |               ^
  493 |           </ul>
  494 |         </div>
  495 |

Parsing ecmascript source code failed

Import trace:
  Server Component:
    ./components/admin/AdminCourseManager.tsx
    ./app/dashboard/admin/courses/page.tsx @ http://localhost:3000/_next/static/chunks/node_modules_next_dist_0u_w_5s._.js:1945
[   39728ms] [ERROR] ./components/admin/AdminCourseManager.tsx:492:15
Expected '</', got '}'
  490 |                 </button>
  491 |               </li>
> 492 |             ))}
      |               ^
  493 |           </ul>
  494 |         </div>
  495 |

Parsing ecmascript source code failed

Import trace:
  Server Component:
    ./components/admin/AdminCourseManager.tsx
    ./app/dashboard/admin/courses/page.tsx @ http://localhost:3000/_next/static/chunks/node_modules_next_dist_0u_w_5s._.js:1945
[   39791ms] [ERROR] ./components/admin/AdminCourseManager.tsx:492:15
Expected '</', got '}'
  490 |                 </button>
  491 |               </li>
> 492 |             ))}
      |               ^
  493 |           </ul>
  494 |         </div>
  495 |

Parsing ecmascript source code failed

Import trace:
  Server Component:
    ./components/admin/AdminCourseManager.tsx
    ./app/dashboard/admin/courses/page.tsx @ http://localhost:3000/_next/static/chunks/node_modules_next_dist_0u_w_5s._.js:1945
[   39853ms] [ERROR] ./components/admin/AdminCourseManager.tsx:492:15
Expected '</', got '}'
  490 |                 </button>
  491 |               </li>
> 492 |             ))}
      |               ^
  493 |           </ul>
  494 |         </div>
  495 |

Parsing ecmascript source code failed

Import trace:
  Server Component:
    ./components/admin/AdminCourseManager.tsx
    ./app/dashboard/admin/courses/page.tsx @ http://localhost:3000/_next/static/chunks/node_modules_next_dist_0u_w_5s._.js:1945
[   39916ms] [ERROR] ./components/admin/AdminCourseManager.tsx:492:15
Expected '</', got '}'
  490 |                 </button>
  491 |               </li>
> 492 |             ))}
      |               ^
  493 |           </ul>
  494 |         </div>
  495 |

Parsing ecmascript source code failed

Import trace:
  Server Component:
    ./components/admin/AdminCourseManager.tsx
    ./app/dashboard/admin/courses/page.tsx @ http://localhost:3000/_next/static/chunks/node_modules_next_dist_0u_w_5s._.js:1945
[   39978ms] [ERROR] ./components/admin/AdminCourseManager.tsx:492:15
Expected '</', got '}'
  490 |                 </button>
  491 |               </li>
> 492 |             ))}
      |               ^
  493 |           </ul>
  494 |         </div>
  495 |

Parsing ecmascript source code failed

Import trace:
  Server Component:
    ./components/admin/AdminCourseManager.tsx
    ./app/dashboard/admin/courses/page.tsx @ http://localhost:3000/_next/static/chunks/node_modules_next_dist_0u_w_5s._.js:1945
[   40040ms] [ERROR] ./components/admin/AdminCourseManager.tsx:492:15
Expected '</', got '}'
  490 |                 </button>
  491 |               </li>
> 492 |             ))}
      |               ^
  493 |           </ul>
  494 |         </div>
  495 |

Parsing ecmascript source code failed

Import trace:
  Server Component:
    ./components/admin/AdminCourseManager.tsx
    ./app/dashboard/admin/courses/page.tsx @ http://localhost:3000/_next/static/chunks/node_modules_next_dist_0u_w_5s._.js:1945
[   40103ms] [ERROR] ./components/admin/AdminCourseManager.tsx:492:15
Expected '</', got '}'
  490 |                 </button>
  491 |               </li>
> 492 |             ))}
      |               ^
  493 |           </ul>
  494 |         </div>
  495 |

Parsing ecmascript source code failed

Import trace:
  Server Component:
    ./components/admin/AdminCourseManager.tsx
    ./app/dashboard/admin/courses/page.tsx @ http://localhost:3000/_next/static/chunks/node_modules_next_dist_0u_w_5s._.js:1945
[   40319ms] [ERROR] ./components/admin/AdminCourseManager.tsx:492:15
Expected '</', got '}'
  490 |                 </button>
  491 |               </li>
> 492 |             ))}
      |               ^
  493 |           </ul>
  494 |         </div>
  495 |

Parsing ecmascript source code failed

Import trace:
  Server Component:
    ./components/admin/AdminCourseManager.tsx
    ./app/dashboard/admin/courses/page.tsx @ http://localhost:3000/_next/static/chunks/node_modules_next_dist_0u_w_5s._.js:1945
[   40320ms] [LOG] [Fast Refresh] rebuilding @ http://localhost:3000/_next/static/chunks/node_modules_next_dist_0u_w_5s._.js:1226
[   40417ms] [ERROR] ./components/admin/AdminCourseManager.tsx:492:15
Expected '</', got '}'
  490 |                 </button>
  491 |               </li>
> 492 |             ))}
      |               ^
  493 |           </ul>
  494 |         </div>
  495 |

Parsing ecmascript source code failed

Import trace:
  Server Component:
    ./components/admin/AdminCourseManager.tsx
    ./app/dashboard/admin/courses/page.tsx @ http://localhost:3000/_next/static/chunks/node_modules_next_dist_0u_w_5s._.js:1945
[   40480ms] [ERROR] ./components/admin/AdminCourseManager.tsx:492:15
Expected '</', got '}'
  490 |                 </button>
  491 |               </li>
> 492 |             ))}
      |               ^
  493 |           </ul>
  494 |         </div>
  495 |

Parsing ecmascript source code failed

Import trace:
  Server Component:
    ./components/admin/AdminCourseManager.tsx
    ./app/dashboard/admin/courses/page.tsx @ http://localhost:3000/_next/static/chunks/node_modules_next_dist_0u_w_5s._.js:1945
[   40541ms] [ERROR] ./components/admin/AdminCourseManager.tsx:492:15
Expected '</', got '}'
  490 |                 </button>
  491 |               </li>
> 492 |             ))}
      |               ^
  493 |           </ul>
  494 |         </div>
  495 |

Parsing ecmascript source code failed

Import trace:
  Server Component:
    ./components/admin/AdminCourseManager.tsx
    ./app/dashboard/admin/courses/page.tsx @ http://localhost:3000/_next/static/chunks/node_modules_next_dist_0u_w_5s._.js:1945
[   40602ms] [ERROR] ./components/admin/AdminCourseManager.tsx:492:15
Expected '</', got '}'
  490 |                 </button>
  491 |               </li>
> 492 |             ))}
      |               ^
  493 |           </ul>
  494 |         </div>
  495 |

Parsing ecmascript source code failed

Import trace:
  Server Component:
    ./components/admin/AdminCourseManager.tsx
    ./app/dashboard/admin/courses/page.tsx @ http://localhost:3000/_next/static/chunks/node_modules_next_dist_0u_w_5s._.js:1945
[   40664ms] [ERROR] ./components/admin/AdminCourseManager.tsx:492:15
Expected '</', got '}'
  490 |                 </button>
  491 |               </li>
> 492 |             ))}
      |               ^
  493 |           </ul>
  494 |         </div>
  495 |

Parsing ecmascript source code failed

Import trace:
  Server Component:
    ./components/admin/AdminCourseManager.tsx
    ./app/dashboard/admin/courses/page.tsx @ http://localhost:3000/_next/static/chunks/node_modules_next_dist_0u_w_5s._.js:1945
[   40726ms] [ERROR] ./components/admin/AdminCourseManager.tsx:492:15
Expected '</', got '}'
  490 |                 </button>
  491 |               </li>
> 492 |             ))}
      |               ^
  493 |           </ul>
  494 |         </div>
  495 |

Parsing ecmascript source code failed

Import trace:
  Server Component:
    ./components/admin/AdminCourseManager.tsx
    ./app/dashboard/admin/courses/page.tsx @ http://localhost:3000/_next/static/chunks/node_modules_next_dist_0u_w_5s._.js:1945
[   40789ms] [ERROR] ./components/admin/AdminCourseManager.tsx:492:15
Expected '</', got '}'
  490 |                 </button>
  491 |               </li>
> 492 |             ))}
      |               ^
  493 |           </ul>
  494 |         </div>
  495 |

Parsing ecmascript source code failed

Import trace:
  Server Component:
    ./components/admin/AdminCourseManager.tsx
    ./app/dashboard/admin/courses/page.tsx @ http://localhost:3000/_next/static/chunks/node_modules_next_dist_0u_w_5s._.js:1945
[   40853ms] [ERROR] ./components/admin/AdminCourseManager.tsx:492:15
Expected '</', got '}'
  490 |                 </button>
  491 |               </li>
> 492 |             ))}
      |               ^
  493 |           </ul>
  494 |         </div>
  495 |

Parsing ecmascript source code failed

Import trace:
  Server Component:
    ./components/admin/AdminCourseManager.tsx
    ./app/dashboard/admin/courses/page.tsx @ http://localhost:3000/_next/static/chunks/node_modules_next_dist_0u_w_5s._.js:1945
[   40914ms] [ERROR] ./components/admin/AdminCourseManager.tsx:492:15
Expected '</', got '}'
  490 |                 </button>
  491 |               </li>
> 492 |             ))}
      |               ^
  493 |           </ul>
  494 |         </div>
  495 |

Parsing ecmascript source code failed

Import trace:
  Server Component:
    ./components/admin/AdminCourseManager.tsx
    ./app/dashboard/admin/courses/page.tsx @ http://localhost:3000/_next/static/chunks/node_modules_next_dist_0u_w_5s._.js:1945
[   40975ms] [ERROR] ./components/admin/AdminCourseManager.tsx:492:15
Expected '</', got '}'
  490 |                 </button>
  491 |               </li>
> 492 |             ))}
      |               ^
  493 |           </ul>
  494 |         </div>
  495 |

Parsing ecmascript source code failed

Import trace:
  Server Component:
    ./components/admin/AdminCourseManager.tsx
    ./app/dashboard/admin/courses/page.tsx @ http://localhost:3000/_next/static/chunks/node_modules_next_dist_0u_w_5s._.js:1945
[   41038ms] [ERROR] ./components/admin/AdminCourseManager.tsx:492:15
Expected '</', got '}'
  490 |                 </button>
  491 |               </li>
> 492 |             ))}
      |               ^
  493 |           </ul>
  494 |         </div>
  495 |

Parsing ecmascript source code failed

Import trace:
  Server Component:
    ./components/admin/AdminCourseManager.tsx
    ./app/dashboard/admin/courses/page.tsx @ http://localhost:3000/_next/static/chunks/node_modules_next_dist_0u_w_5s._.js:1945
[   41101ms] [ERROR] ./components/admin/AdminCourseManager.tsx:492:15
Expected '</', got '}'
  490 |                 </button>
  491 |               </li>
> 492 |             ))}
      |               ^
  493 |           </ul>
  494 |         </div>
  495 |

Parsing ecmascript source code failed

Import trace:
  Server Component:
    ./components/admin/AdminCourseManager.tsx
    ./app/dashboard/admin/courses/page.tsx @ http://localhost:3000/_next/static/chunks/node_modules_next_dist_0u_w_5s._.js:1945
[   41163ms] [ERROR] ./components/admin/AdminCourseManager.tsx:492:15
Expected '</', got '}'
  490 |                 </button>
  491 |               </li>
> 492 |             ))}
      |               ^
  493 |           </ul>
  494 |         </div>
  495 |

Parsing ecmascript source code failed

Import trace:
  Server Component:
    ./components/admin/AdminCourseManager.tsx
    ./app/dashboard/admin/courses/page.tsx @ http://localhost:3000/_next/static/chunks/node_modules_next_dist_0u_w_5s._.js:1945
[   41226ms] [ERROR] ./components/admin/AdminCourseManager.tsx:492:15
Expected '</', got '}'
  490 |                 </button>
  491 |               </li>
> 492 |             ))}
      |               ^
  493 |           </ul>
  494 |         </div>
  495 |

Parsing ecmascript source code failed

Import trace:
  Server Component:
    ./components/admin/AdminCourseManager.tsx
    ./app/dashboard/admin/courses/page.tsx @ http://localhost:3000/_next/static/chunks/node_modules_next_dist_0u_w_5s._.js:1945
[   41289ms] [ERROR] ./components/admin/AdminCourseManager.tsx:492:15
Expected '</', got '}'
  490 |                 </button>
  491 |               </li>
> 492 |             ))}
      |               ^
  493 |           </ul>
  494 |         </div>
  495 |

Parsing ecmascript source code failed

Import trace:
  Server Component:
    ./components/admin/AdminCourseManager.tsx
    ./app/dashboard/admin/courses/page.tsx @ http://localhost:3000/_next/static/chunks/node_modules_next_dist_0u_w_5s._.js:1945
[   41351ms] [ERROR] ./components/admin/AdminCourseManager.tsx:492:15
Expected '</', got '}'
  490 |                 </button>
  491 |               </li>
> 492 |             ))}
      |               ^
  493 |           </ul>
  494 |         </div>
  495 |

Parsing ecmascript source code failed

Import trace:
  Server Component:
    ./components/admin/AdminCourseManager.tsx
    ./app/dashboard/admin/courses/page.tsx @ http://localhost:3000/_next/static/chunks/node_modules_next_dist_0u_w_5s._.js:1945
[   41414ms] [ERROR] ./components/admin/AdminCourseManager.tsx:492:15
Expected '</', got '}'
  490 |                 </button>
  491 |               </li>
> 492 |             ))}
      |               ^
  493 |           </ul>
  494 |         </div>
  495 |

Parsing ecmascript source code failed

Import trace:
  Server Component:
    ./components/admin/AdminCourseManager.tsx
    ./app/dashboard/admin/courses/page.tsx @ http://localhost:3000/_next/static/chunks/node_modules_next_dist_0u_w_5s._.js:1945
[   41477ms] [ERROR] ./components/admin/AdminCourseManager.tsx:492:15
Expected '</', got '}'
  490 |                 </button>
  491 |               </li>
> 492 |             ))}
      |               ^
  493 |           </ul>
  494 |         </div>
  495 |

Parsing ecmascript source code failed

Import trace:
  Server Component:
    ./components/admin/AdminCourseManager.tsx
    ./app/dashboard/admin/courses/page.tsx @ http://localhost:3000/_next/static/chunks/node_modules_next_dist_0u_w_5s._.js:1945
[   41539ms] [ERROR] ./components/admin/AdminCourseManager.tsx:492:15
Expected '</', got '}'
  490 |                 </button>
  491 |               </li>
> 492 |             ))}
      |               ^
  493 |           </ul>
  494 |         </div>
  495 |

Parsing ecmascript source code failed

Import trace:
  Server Component:
    ./components/admin/AdminCourseManager.tsx
    ./app/dashboard/admin/courses/page.tsx @ http://localhost:3000/_next/static/chunks/node_modules_next_dist_0u_w_5s._.js:1945
[   41601ms] [ERROR] ./components/admin/AdminCourseManager.tsx:492:15
Expected '</', got '}'
  490 |                 </button>
  491 |               </li>
> 492 |             ))}
      |               ^
  493 |           </ul>
  494 |         </div>
  495 |

Parsing ecmascript source code failed

Import trace:
  Server Component:
    ./components/admin/AdminCourseManager.tsx
    ./app/dashboard/admin/courses/page.tsx @ http://localhost:3000/_next/static/chunks/node_modules_next_dist_0u_w_5s._.js:1945
[   41664ms] [ERROR] ./components/admin/AdminCourseManager.tsx:492:15
Expected '</', got '}'
  490 |                 </button>
  491 |               </li>
> 492 |             ))}
      |               ^
  493 |           </ul>
  494 |         </div>
  495 |

Parsing ecmascript source code failed

Import trace:
  Server Component:
    ./components/admin/AdminCourseManager.tsx
    ./app/dashboard/admin/courses/page.tsx @ http://localhost:3000/_next/static/chunks/node_modules_next_dist_0u_w_5s._.js:1945
[   41725ms] [ERROR] ./components/admin/AdminCourseManager.tsx:492:15
Expected '</', got '}'
  490 |                 </button>
  491 |               </li>
> 492 |             ))}
      |               ^
  493 |           </ul>
  494 |         </div>
  495 |

Parsing ecmascript source code failed

Import trace:
  Server Component:
    ./components/admin/AdminCourseManager.tsx
    ./app/dashboard/admin/courses/page.tsx @ http://localhost:3000/_next/static/chunks/node_modules_next_dist_0u_w_5s._.js:1945
[   41789ms] [ERROR] ./components/admin/AdminCourseManager.tsx:492:15
Expected '</', got '}'
  490 |                 </button>
  491 |               </li>
> 492 |             ))}
      |               ^
  493 |           </ul>
  494 |         </div>
  495 |

Parsing ecmascript source code failed

Import trace:
  Server Component:
    ./components/admin/AdminCourseManager.tsx
    ./app/dashboard/admin/courses/page.tsx @ http://localhost:3000/_next/static/chunks/node_modules_next_dist_0u_w_5s._.js:1945
[   41850ms] [ERROR] ./components/admin/AdminCourseManager.tsx:492:15
Expected '</', got '}'
  490 |                 </button>
  491 |               </li>
> 492 |             ))}
      |               ^
  493 |           </ul>
  494 |         </div>
  495 |

Parsing ecmascript source code failed

Import trace:
  Server Component:
    ./components/admin/AdminCourseManager.tsx
    ./app/dashboard/admin/courses/page.tsx @ http://localhost:3000/_next/static/chunks/node_modules_next_dist_0u_w_5s._.js:1945
[   41913ms] [ERROR] ./components/admin/AdminCourseManager.tsx:492:15
Expected '</', got '}'
  490 |                 </button>
  491 |               </li>
> 492 |             ))}
      |               ^
  493 |           </ul>
  494 |         </div>
  495 |

Parsing ecmascript source code failed

Import trace:
  Server Component:
    ./components/admin/AdminCourseManager.tsx
    ./app/dashboard/admin/courses/page.tsx @ http://localhost:3000/_next/static/chunks/node_modules_next_dist_0u_w_5s._.js:1945
[   41975ms] [ERROR] ./components/admin/AdminCourseManager.tsx:492:15
Expected '</', got '}'
  490 |                 </button>
  491 |               </li>
> 492 |             ))}
      |               ^
  493 |           </ul>
  494 |         </div>
  495 |

Parsing ecmascript source code failed

Import trace:
  Server Component:
    ./components/admin/AdminCourseManager.tsx
    ./app/dashboard/admin/courses/page.tsx @ http://localhost:3000/_next/static/chunks/node_modules_next_dist_0u_w_5s._.js:1945
[   42038ms] [ERROR] ./components/admin/AdminCourseManager.tsx:492:15
Expected '</', got '}'
  490 |                 </button>
  491 |               </li>
> 492 |             ))}
      |               ^
  493 |           </ul>
  494 |         </div>
  495 |

Parsing ecmascript source code failed

Import trace:
  Server Component:
    ./components/admin/AdminCourseManager.tsx
    ./app/dashboard/admin/courses/page.tsx @ http://localhost:3000/_next/static/chunks/node_modules_next_dist_0u_w_5s._.js:1945
[   42099ms] [ERROR] ./components/admin/AdminCourseManager.tsx:492:15
Expected '</', got '}'
  490 |                 </button>
  491 |               </li>
> 492 |             ))}
      |               ^
  493 |           </ul>
  494 |         </div>
  495 |

Parsing ecmascript source code failed

Import trace:
  Server Component:
    ./components/admin/AdminCourseManager.tsx
    ./app/dashboard/admin/courses/page.tsx @ http://localhost:3000/_next/static/chunks/node_modules_next_dist_0u_w_5s._.js:1945
[   42161ms] [ERROR] ./components/admin/AdminCourseManager.tsx:492:15
Expected '</', got '}'
  490 |                 </button>
  491 |               </li>
> 492 |             ))}
      |               ^
  493 |           </ul>
  494 |         </div>
  495 |

Parsing ecmascript source code failed

Import trace:
  Server Component:
    ./components/admin/AdminCourseManager.tsx
    ./app/dashboard/admin/courses/page.tsx @ http://localhost:3000/_next/static/chunks/node_modules_next_dist_0u_w_5s._.js:1945
[   42223ms] [ERROR] ./components/admin/AdminCourseManager.tsx:492:15
Expected '</', got '}'
  490 |                 </button>
  491 |               </li>
> 492 |             ))}
      |               ^
  493 |           </ul>
  494 |         </div>
  495 |

Parsing ecmascript source code failed

Import trace:
  Server Component:
    ./components/admin/AdminCourseManager.tsx
    ./app/dashboard/admin/courses/page.tsx @ http://localhost:3000/_next/static/chunks/node_modules_next_dist_0u_w_5s._.js:1945
[   42285ms] [ERROR] ./components/admin/AdminCourseManager.tsx:492:15
Expected '</', got '}'
  490 |                 </button>
  491 |               </li>
> 492 |             ))}
      |               ^
  493 |           </ul>
  494 |         </div>
  495 |

Parsing ecmascript source code failed

Import trace:
  Server Component:
    ./components/admin/AdminCourseManager.tsx
    ./app/dashboard/admin/courses/page.tsx @ http://localhost:3000/_next/static/chunks/node_modules_next_dist_0u_w_5s._.js:1945
[   42348ms] [ERROR] ./components/admin/AdminCourseManager.tsx:492:15
Expected '</', got '}'
  490 |                 </button>
  491 |               </li>
> 492 |             ))}
      |               ^
  493 |           </ul>
  494 |         </div>
  495 |

Parsing ecmascript source code failed

Import trace:
  Server Component:
    ./components/admin/AdminCourseManager.tsx
    ./app/dashboard/admin/courses/page.tsx @ http://localhost:3000/_next/static/chunks/node_modules_next_dist_0u_w_5s._.js:1945
[   42410ms] [ERROR] ./components/admin/AdminCourseManager.tsx:492:15
Expected '</', got '}'
  490 |                 </button>
  491 |               </li>
> 492 |             ))}
      |               ^
  493 |           </ul>
  494 |         </div>
  495 |

Parsing ecmascript source code failed

Import trace:
  Server Component:
    ./components/admin/AdminCourseManager.tsx
    ./app/dashboard/admin/courses/page.tsx @ http://localhost:3000/_next/static/chunks/node_modules_next_dist_0u_w_5s._.js:1945
[   42472ms] [ERROR] ./components/admin/AdminCourseManager.tsx:492:15
Expected '</', got '}'
  490 |                 </button>
  491 |               </li>
> 492 |             ))}
      |               ^
  493 |           </ul>
  494 |         </div>
  495 |

Parsing ecmascript source code failed

Import trace:
  Server Component:
    ./components/admin/AdminCourseManager.tsx
    ./app/dashboard/admin/courses/page.tsx @ http://localhost:3000/_next/static/chunks/node_modules_next_dist_0u_w_5s._.js:1945
[   42535ms] [ERROR] ./components/admin/AdminCourseManager.tsx:492:15
Expected '</', got '}'
  490 |                 </button>
  491 |               </li>
> 492 |             ))}
      |               ^
  493 |           </ul>
  494 |         </div>
  495 |

Parsing ecmascript source code failed

Import trace:
  Server Component:
    ./components/admin/AdminCourseManager.tsx
    ./app/dashboard/admin/courses/page.tsx @ http://localhost:3000/_next/static/chunks/node_modules_next_dist_0u_w_5s._.js:1945
[   42595ms] [ERROR] ./components/admin/AdminCourseManager.tsx:492:15
Expected '</', got '}'
  490 |                 </button>
  491 |               </li>
> 492 |             ))}
      |               ^
  493 |           </ul>
  494 |         </div>
  495 |

Parsing ecmascript source code failed

Import trace:
  Server Component:
    ./components/admin/AdminCourseManager.tsx
    ./app/dashboard/admin/courses/page.tsx @ http://localhost:3000/_next/static/chunks/node_modules_next_dist_0u_w_5s._.js:1945
[   42658ms] [ERROR] ./components/admin/AdminCourseManager.tsx:492:15
Expected '</', got '}'
  490 |                 </button>
  491 |               </li>
> 492 |             ))}
      |               ^
  493 |           </ul>
  494 |         </div>
  495 |

Parsing ecmascript source code failed

Import trace:
  Server Component:
    ./components/admin/AdminCourseManager.tsx
    ./app/dashboard/admin/courses/page.tsx @ http://localhost:3000/_next/static/chunks/node_modules_next_dist_0u_w_5s._.js:1945
[   42720ms] [ERROR] ./components/admin/AdminCourseManager.tsx:492:15
Expected '</', got '}'
  490 |                 </button>
  491 |               </li>
> 492 |             ))}
      |               ^
  493 |           </ul>
  494 |         </div>
  495 |

Parsing ecmascript source code failed

Import trace:
  Server Component:
    ./components/admin/AdminCourseManager.tsx
    ./app/dashboard/admin/courses/page.tsx @ http://localhost:3000/_next/static/chunks/node_modules_next_dist_0u_w_5s._.js:1945
[   42784ms] [ERROR] ./components/admin/AdminCourseManager.tsx:492:15
Expected '</', got '}'
  490 |                 </button>
  491 |               </li>
> 492 |             ))}
      |               ^
  493 |           </ul>
  494 |         </div>
  495 |

Parsing ecmascript source code failed

Import trace:
  Server Component:
    ./components/admin/AdminCourseManager.tsx
    ./app/dashboard/admin/courses/page.tsx @ http://localhost:3000/_next/static/chunks/node_modules_next_dist_0u_w_5s._.js:1945
[   42847ms] [ERROR] ./components/admin/AdminCourseManager.tsx:492:15
Expected '</', got '}'
  490 |                 </button>
  491 |               </li>
> 492 |             ))}
      |               ^
  493 |           </ul>
  494 |         </div>
  495 |

Parsing ecmascript source code failed

Import trace:
  Server Component:
    ./components/admin/AdminCourseManager.tsx
    ./app/dashboard/admin/courses/page.tsx @ http://localhost:3000/_next/static/chunks/node_modules_next_dist_0u_w_5s._.js:1945
[   42911ms] [ERROR] ./components/admin/AdminCourseManager.tsx:492:15
Expected '</', got '}'
  490 |                 </button>
  491 |               </li>
> 492 |             ))}
      |               ^
  493 |           </ul>
  494 |         </div>
  495 |

Parsing ecmascript source code failed

Import trace:
  Server Component:
    ./components/admin/AdminCourseManager.tsx
    ./app/dashboard/admin/courses/page.tsx @ http://localhost:3000/_next/static/chunks/node_modules_next_dist_0u_w_5s._.js:1945
[   42973ms] [ERROR] ./components/admin/AdminCourseManager.tsx:492:15
Expected '</', got '}'
  490 |                 </button>
  491 |               </li>
> 492 |             ))}
      |               ^
  493 |           </ul>
  494 |         </div>
  495 |

Parsing ecmascript source code failed

Import trace:
  Server Component:
    ./components/admin/AdminCourseManager.tsx
    ./app/dashboard/admin/courses/page.tsx @ http://localhost:3000/_next/static/chunks/node_modules_next_dist_0u_w_5s._.js:1945
[   43036ms] [ERROR] ./components/admin/AdminCourseManager.tsx:492:15
Expected '</', got '}'
  490 |                 </button>
  491 |               </li>
> 492 |             ))}
      |               ^
  493 |           </ul>
  494 |         </div>
  495 |

Parsing ecmascript source code failed

Import trace:
  Server Component:
    ./components/admin/AdminCourseManager.tsx
    ./app/dashboard/admin/courses/page.tsx @ http://localhost:3000/_next/static/chunks/node_modules_next_dist_0u_w_5s._.js:1945
[   43100ms] [ERROR] ./components/admin/AdminCourseManager.tsx:492:15
Expected '</', got '}'
  490 |                 </button>
  491 |               </li>
> 492 |             ))}
      |               ^
  493 |           </ul>
  494 |         </div>
  495 |

Parsing ecmascript source code failed

Import trace:
  Server Component:
    ./components/admin/AdminCourseManager.tsx
    ./app/dashboard/admin/courses/page.tsx @ http://localhost:3000/_next/static/chunks/node_modules_next_dist_0u_w_5s._.js:1945
[   43163ms] [ERROR] ./components/admin/AdminCourseManager.tsx:492:15
Expected '</', got '}'
  490 |                 </button>
  491 |               </li>
> 492 |             ))}
      |               ^
  493 |           </ul>
  494 |         </div>
  495 |

Parsing ecmascript source code failed

Import trace:
  Server Component:
    ./components/admin/AdminCourseManager.tsx
    ./app/dashboard/admin/courses/page.tsx @ http://localhost:3000/_next/static/chunks/node_modules_next_dist_0u_w_5s._.js:1945
[   43225ms] [ERROR] ./components/admin/AdminCourseManager.tsx:492:15
Expected '</', got '}'
  490 |                 </button>
  491 |               </li>
> 492 |             ))}
      |               ^
  493 |           </ul>
  494 |         </div>
  495 |

Parsing ecmascript source code failed

Import trace:
  Server Component:
    ./components/admin/AdminCourseManager.tsx
    ./app/dashboard/admin/courses/page.tsx @ http://localhost:3000/_next/static/chunks/node_modules_next_dist_0u_w_5s._.js:1945
[   43288ms] [ERROR] ./components/admin/AdminCourseManager.tsx:492:15
Expected '</', got '}'
  490 |                 </button>
  491 |               </li>
> 492 |             ))}
      |               ^
  493 |           </ul>
  494 |         </div>
  495 |

Parsing ecmascript source code failed

Import trace:
  Server Component:
    ./components/admin/AdminCourseManager.tsx
    ./app/dashboard/admin/courses/page.tsx @ http://localhost:3000/_next/static/chunks/node_modules_next_dist_0u_w_5s._.js:1945
[   43350ms] [ERROR] ./components/admin/AdminCourseManager.tsx:492:15
Expected '</', got '}'
  490 |                 </button>
  491 |               </li>
> 492 |             ))}
      |               ^
  493 |           </ul>
  494 |         </div>
  495 |

Parsing ecmascript source code failed

Import trace:
  Server Component:
    ./components/admin/AdminCourseManager.tsx
    ./app/dashboard/admin/courses/page.tsx @ http://localhost:3000/_next/static/chunks/node_modules_next_dist_0u_w_5s._.js:1945
[   43415ms] [ERROR] ./components/admin/AdminCourseManager.tsx:492:15
Expected '</', got '}'
  490 |                 </button>
  491 |               </li>
> 492 |             ))}
      |               ^
  493 |           </ul>
  494 |         </div>
  495 |

Parsing ecmascript source code failed

Import trace:
  Server Component:
    ./components/admin/AdminCourseManager.tsx
    ./app/dashboard/admin/courses/page.tsx @ http://localhost:3000/_next/static/chunks/node_modules_next_dist_0u_w_5s._.js:1945
[   43478ms] [ERROR] ./components/admin/AdminCourseManager.tsx:492:15
Expected '</', got '}'
  490 |                 </button>
  491 |               </li>
> 492 |             ))}
      |               ^
  493 |           </ul>
  494 |         </div>
  495 |

Parsing ecmascript source code failed

Import trace:
  Server Component:
    ./components/admin/AdminCourseManager.tsx
    ./app/dashboard/admin/courses/page.tsx @ http://localhost:3000/_next/static/chunks/node_modules_next_dist_0u_w_5s._.js:1945
[   43540ms] [ERROR] ./components/admin/AdminCourseManager.tsx:492:15
Expected '</', got '}'
  490 |                 </button>
  491 |               </li>
> 492 |             ))}
      |               ^
  493 |           </ul>
  494 |         </div>
  495 |

Parsing ecmascript source code failed

Import trace:
  Server Component:
    ./components/admin/AdminCourseManager.tsx
    ./app/dashboard/admin/courses/page.tsx @ http://localhost:3000/_next/static/chunks/node_modules_next_dist_0u_w_5s._.js:1945
[   43602ms] [ERROR] ./components/admin/AdminCourseManager.tsx:492:15
Expected '</', got '}'
  490 |                 </button>
  491 |               </li>
> 492 |             ))}
      |               ^
  493 |           </ul>
  494 |         </div>
  495 |

Parsing ecmascript source code failed

Import trace:
  Server Component:
    ./components/admin/AdminCourseManager.tsx
    ./app/dashboard/admin/courses/page.tsx @ http://localhost:3000/_next/static/chunks/node_modules_next_dist_0u_w_5s._.js:1945
[   43665ms] [ERROR] ./components/admin/AdminCourseManager.tsx:492:15
Expected '</', got '}'
  490 |                 </button>
  491 |               </li>
> 492 |             ))}
      |               ^
  493 |           </ul>
  494 |         </div>
  495 |

Parsing ecmascript source code failed

Import trace:
  Server Component:
    ./components/admin/AdminCourseManager.tsx
    ./app/dashboard/admin/courses/page.tsx @ http://localhost:3000/_next/static/chunks/node_modules_next_dist_0u_w_5s._.js:1945
[   43729ms] [ERROR] ./components/admin/AdminCourseManager.tsx:492:15
Expected '</', got '}'
  490 |                 </button>
  491 |               </li>
> 492 |             ))}
      |               ^
  493 |           </ul>
  494 |         </div>
  495 |

Parsing ecmascript source code failed

Import trace:
  Server Component:
    ./components/admin/AdminCourseManager.tsx
    ./app/dashboard/admin/courses/page.tsx @ http://localhost:3000/_next/static/chunks/node_modules_next_dist_0u_w_5s._.js:1945
[   43791ms] [ERROR] ./components/admin/AdminCourseManager.tsx:492:15
Expected '</', got '}'
  490 |                 </button>
  491 |               </li>
> 492 |             ))}
      |               ^
  493 |           </ul>
  494 |         </div>
  495 |

Parsing ecmascript source code failed

Import trace:
  Server Component:
    ./components/admin/AdminCourseManager.tsx
    ./app/dashboard/admin/courses/page.tsx @ http://localhost:3000/_next/static/chunks/node_modules_next_dist_0u_w_5s._.js:1945
[   43855ms] [ERROR] ./components/admin/AdminCourseManager.tsx:492:15
Expected '</', got '}'
  490 |                 </button>
  491 |               </li>
> 492 |             ))}
      |               ^
  493 |           </ul>
  494 |         </div>
  495 |

Parsing ecmascript source code failed

Import trace:
  Server Component:
    ./components/admin/AdminCourseManager.tsx
    ./app/dashboard/admin/courses/page.tsx @ http://localhost:3000/_next/static/chunks/node_modules_next_dist_0u_w_5s._.js:1945
[   43918ms] [ERROR] ./components/admin/AdminCourseManager.tsx:492:15
Expected '</', got '}'
  490 |                 </button>
  491 |               </li>
> 492 |             ))}
      |               ^
  493 |           </ul>
  494 |         </div>
  495 |

Parsing ecmascript source code failed

Import trace:
  Server Component:
    ./components/admin/AdminCourseManager.tsx
    ./app/dashboard/admin/courses/page.tsx @ http://localhost:3000/_next/static/chunks/node_modules_next_dist_0u_w_5s._.js:1945
[   43981ms] [ERROR] ./components/admin/AdminCourseManager.tsx:492:15
Expected '</', got '}'
  490 |                 </button>
  491 |               </li>
> 492 |             ))}
      |               ^
  493 |           </ul>
  494 |         </div>
  495 |

Parsing ecmascript source code failed

Import trace:
  Server Component:
    ./components/admin/AdminCourseManager.tsx
    ./app/dashboard/admin/courses/page.tsx @ http://localhost:3000/_next/static/chunks/node_modules_next_dist_0u_w_5s._.js:1945
[   44043ms] [ERROR] ./components/admin/AdminCourseManager.tsx:492:15
Expected '</', got '}'
  490 |                 </button>
  491 |               </li>
> 492 |             ))}
      |               ^
  493 |           </ul>
  494 |         </div>
  495 |

Parsing ecmascript source code failed

Import trace:
  Server Component:
    ./components/admin/AdminCourseManager.tsx
    ./app/dashboard/admin/courses/page.tsx @ http://localhost:3000/_next/static/chunks/node_modules_next_dist_0u_w_5s._.js:1945
[   44106ms] [ERROR] ./components/admin/AdminCourseManager.tsx:492:15
Expected '</', got '}'
  490 |                 </button>
  491 |               </li>
> 492 |             ))}
      |               ^
  493 |           </ul>
  494 |         </div>
  495 |

Parsing ecmascript source code failed

Import trace:
  Server Component:
    ./components/admin/AdminCourseManager.tsx
    ./app/dashboard/admin/courses/page.tsx @ http://localhost:3000/_next/static/chunks/node_modules_next_dist_0u_w_5s._.js:1945
[   44168ms] [ERROR] ./components/admin/AdminCourseManager.tsx:492:15
Expected '</', got '}'
  490 |                 </button>
  491 |               </li>
> 492 |             ))}
      |               ^
  493 |           </ul>
  494 |         </div>
  495 |

Parsing ecmascript source code failed

Import trace:
  Server Component:
    ./components/admin/AdminCourseManager.tsx
    ./app/dashboard/admin/courses/page.tsx @ http://localhost:3000/_next/static/chunks/node_modules_next_dist_0u_w_5s._.js:1945
[   44232ms] [ERROR] ./components/admin/AdminCourseManager.tsx:492:15
Expected '</', got '}'
  490 |                 </button>
  491 |               </li>
> 492 |             ))}
      |               ^
  493 |           </ul>
  494 |         </div>
  495 |

Parsing ecmascript source code failed

Import trace:
  Server Component:
    ./components/admin/AdminCourseManager.tsx
    ./app/dashboard/admin/courses/page.tsx @ http://localhost:3000/_next/static/chunks/node_modules_next_dist_0u_w_5s._.js:1945
[   44295ms] [ERROR] ./components/admin/AdminCourseManager.tsx:492:15
Expected '</', got '}'
  490 |                 </button>
  491 |               </li>
> 492 |             ))}
      |               ^
  493 |           </ul>
  494 |         </div>
  495 |

Parsing ecmascript source code failed

Import trace:
  Server Component:
    ./components/admin/AdminCourseManager.tsx
    ./app/dashboard/admin/courses/page.tsx @ http://localhost:3000/_next/static/chunks/node_modules_next_dist_0u_w_5s._.js:1945
[   44356ms] [ERROR] ./components/admin/AdminCourseManager.tsx:492:15
Expected '</', got '}'
  490 |                 </button>
  491 |               </li>
> 492 |             ))}
      |               ^
  493 |           </ul>
  494 |         </div>
  495 |

Parsing ecmascript source code failed

Import trace:
  Server Component:
    ./components/admin/AdminCourseManager.tsx
    ./app/dashboard/admin/courses/page.tsx @ http://localhost:3000/_next/static/chunks/node_modules_next_dist_0u_w_5s._.js:1945
[   44419ms] [ERROR] ./components/admin/AdminCourseManager.tsx:492:15
Expected '</', got '}'
  490 |                 </button>
  491 |               </li>
> 492 |             ))}
      |               ^
  493 |           </ul>
  494 |         </div>
  495 |

Parsing ecmascript source code failed

Import trace:
  Server Component:
    ./components/admin/AdminCourseManager.tsx
    ./app/dashboard/admin/courses/page.tsx @ http://localhost:3000/_next/static/chunks/node_modules_next_dist_0u_w_5s._.js:1945
[   44482ms] [ERROR] ./components/admin/AdminCourseManager.tsx:492:15
Expected '</', got '}'
  490 |                 </button>
  491 |               </li>
> 492 |             ))}
      |               ^
  493 |           </ul>
  494 |         </div>
  495 |

Parsing ecmascript source code failed

Import trace:
  Server Component:
    ./components/admin/AdminCourseManager.tsx
    ./app/dashboard/admin/courses/page.tsx @ http://localhost:3000/_next/static/chunks/node_modules_next_dist_0u_w_5s._.js:1945
[   44547ms] [ERROR] ./components/admin/AdminCourseManager.tsx:492:15
Expected '</', got '}'
  490 |                 </button>
  491 |               </li>
> 492 |             ))}
      |               ^
  493 |           </ul>
  494 |         </div>
  495 |

Parsing ecmascript source code failed

Import trace:
  Server Component:
    ./components/admin/AdminCourseManager.tsx
    ./app/dashboard/admin/courses/page.tsx @ http://localhost:3000/_next/static/chunks/node_modules_next_dist_0u_w_5s._.js:1945
[   44606ms] [ERROR] ./components/admin/AdminCourseManager.tsx:492:15
Expected '</', got '}'
  490 |                 </button>
  491 |               </li>
> 492 |             ))}
      |               ^
  493 |           </ul>
  494 |         </div>
  495 |

Parsing ecmascript source code failed

Import trace:
  Server Component:
    ./components/admin/AdminCourseManager.tsx
    ./app/dashboard/admin/courses/page.tsx @ http://localhost:3000/_next/static/chunks/node_modules_next_dist_0u_w_5s._.js:1945
[   44669ms] [ERROR] ./components/admin/AdminCourseManager.tsx:492:15
Expected '</', got '}'
  490 |                 </button>
  491 |               </li>
> 492 |             ))}
      |               ^
  493 |           </ul>
  494 |         </div>
  495 |

Parsing ecmascript source code failed

Import trace:
  Server Component:
    ./components/admin/AdminCourseManager.tsx
    ./app/dashboard/admin/courses/page.tsx @ http://localhost:3000/_next/static/chunks/node_modules_next_dist_0u_w_5s._.js:1945
[   44732ms] [ERROR] ./components/admin/AdminCourseManager.tsx:492:15
Expected '</', got '}'
  490 |                 </button>
  491 |               </li>
> 492 |             ))}
      |               ^
  493 |           </ul>
  494 |         </div>
  495 |

Parsing ecmascript source code failed

Import trace:
  Server Component:
    ./components/admin/AdminCourseManager.tsx
    ./app/dashboard/admin/courses/page.tsx @ http://localhost:3000/_next/static/chunks/node_modules_next_dist_0u_w_5s._.js:1945
[   44796ms] [ERROR] ./components/admin/AdminCourseManager.tsx:492:15
Expected '</', got '}'
  490 |                 </button>
  491 |               </li>
> 492 |             ))}
      |               ^
  493 |           </ul>
  494 |         </div>
  495 |

Parsing ecmascript source code failed

Import trace:
  Server Component:
    ./components/admin/AdminCourseManager.tsx
    ./app/dashboard/admin/courses/page.tsx @ http://localhost:3000/_next/static/chunks/node_modules_next_dist_0u_w_5s._.js:1945
[   44859ms] [ERROR] ./components/admin/AdminCourseManager.tsx:492:15
Expected '</', got '}'
  490 |                 </button>
  491 |               </li>
> 492 |             ))}
      |               ^
  493 |           </ul>
  494 |         </div>
  495 |

Parsing ecmascript source code failed

Import trace:
  Server Component:
    ./components/admin/AdminCourseManager.tsx
    ./app/dashboard/admin/courses/page.tsx @ http://localhost:3000/_next/static/chunks/node_modules_next_dist_0u_w_5s._.js:1945
[   44921ms] [ERROR] ./components/admin/AdminCourseManager.tsx:492:15
Expected '</', got '}'
  490 |                 </button>
  491 |               </li>
> 492 |             ))}
      |               ^
  493 |           </ul>
  494 |         </div>
  495 |

Parsing ecmascript source code failed

Import trace:
  Server Component:
    ./components/admin/AdminCourseManager.tsx
    ./app/dashboard/admin/courses/page.tsx @ http://localhost:3000/_next/static/chunks/node_modules_next_dist_0u_w_5s._.js:1945
[   44984ms] [ERROR] ./components/admin/AdminCourseManager.tsx:492:15
Expected '</', got '}'
  490 |                 </button>
  491 |               </li>
> 492 |             ))}
      |               ^
  493 |           </ul>
  494 |         </div>
  495 |

Parsing ecmascript source code failed

Import trace:
  Server Component:
    ./components/admin/AdminCourseManager.tsx
    ./app/dashboard/admin/courses/page.tsx @ http://localhost:3000/_next/static/chunks/node_modules_next_dist_0u_w_5s._.js:1945
[   45047ms] [ERROR] ./components/admin/AdminCourseManager.tsx:492:15
Expected '</', got '}'
  490 |                 </button>
  491 |               </li>
> 492 |             ))}
      |               ^
  493 |           </ul>
  494 |         </div>
  495 |

Parsing ecmascript source code failed

Import trace:
  Server Component:
    ./components/admin/AdminCourseManager.tsx
    ./app/dashboard/admin/courses/page.tsx @ http://localhost:3000/_next/static/chunks/node_modules_next_dist_0u_w_5s._.js:1945
[   45110ms] [ERROR] ./components/admin/AdminCourseManager.tsx:492:15
Expected '</', got '}'
  490 |                 </button>
  491 |               </li>
> 492 |             ))}
      |               ^
  493 |           </ul>
  494 |         </div>
  495 |

Parsing ecmascript source code failed

Import trace:
  Server Component:
    ./components/admin/AdminCourseManager.tsx
    ./app/dashboard/admin/courses/page.tsx @ http://localhost:3000/_next/static/chunks/node_modules_next_dist_0u_w_5s._.js:1945
[   45173ms] [ERROR] ./components/admin/AdminCourseManager.tsx:492:15
Expected '</', got '}'
  490 |                 </button>
  491 |               </li>
> 492 |             ))}
      |               ^
  493 |           </ul>
  494 |         </div>
  495 |

Parsing ecmascript source code failed

Import trace:
  Server Component:
    ./components/admin/AdminCourseManager.tsx
    ./app/dashboard/admin/courses/page.tsx @ http://localhost:3000/_next/static/chunks/node_modules_next_dist_0u_w_5s._.js:1945
[   45236ms] [ERROR] ./components/admin/AdminCourseManager.tsx:492:15
Expected '</', got '}'
  490 |                 </button>
  491 |               </li>
> 492 |             ))}
      |               ^
  493 |           </ul>
  494 |         </div>
  495 |

Parsing ecmascript source code failed

Import trace:
  Server Component:
    ./components/admin/AdminCourseManager.tsx
    ./app/dashboard/admin/courses/page.tsx @ http://localhost:3000/_next/static/chunks/node_modules_next_dist_0u_w_5s._.js:1945
[   45298ms] [ERROR] ./components/admin/AdminCourseManager.tsx:492:15
Expected '</', got '}'
  490 |                 </button>
  491 |               </li>
> 492 |             ))}
      |               ^
  493 |           </ul>
  494 |         </div>
  495 |

Parsing ecmascript source code failed

Import trace:
  Server Component:
    ./components/admin/AdminCourseManager.tsx
    ./app/dashboard/admin/courses/page.tsx @ http://localhost:3000/_next/static/chunks/node_modules_next_dist_0u_w_5s._.js:1945
[   45361ms] [ERROR] ./components/admin/AdminCourseManager.tsx:492:15
Expected '</', got '}'
  490 |                 </button>
  491 |               </li>
> 492 |             ))}
      |               ^
  493 |           </ul>
  494 |         </div>
  495 |

Parsing ecmascript source code failed

Import trace:
  Server Component:
    ./components/admin/AdminCourseManager.tsx
    ./app/dashboard/admin/courses/page.tsx @ http://localhost:3000/_next/static/chunks/node_modules_next_dist_0u_w_5s._.js:1945
[   45424ms] [ERROR] ./components/admin/AdminCourseManager.tsx:492:15
Expected '</', got '}'
  490 |                 </button>
  491 |               </li>
> 492 |             ))}
      |               ^
  493 |           </ul>
  494 |         </div>
  495 |

Parsing ecmascript source code failed

Import trace:
  Server Component:
    ./components/admin/AdminCourseManager.tsx
    ./app/dashboard/admin/courses/page.tsx @ http://localhost:3000/_next/static/chunks/node_modules_next_dist_0u_w_5s._.js:1945
[   45486ms] [ERROR] ./components/admin/AdminCourseManager.tsx:492:15
Expected '</', got '}'
  490 |                 </button>
  491 |               </li>
> 492 |             ))}
      |               ^
  493 |           </ul>
  494 |         </div>
  495 |

Parsing ecmascript source code failed

Import trace:
  Server Component:
    ./components/admin/AdminCourseManager.tsx
    ./app/dashboard/admin/courses/page.tsx @ http://localhost:3000/_next/static/chunks/node_modules_next_dist_0u_w_5s._.js:1945
[   45548ms] [ERROR] ./components/admin/AdminCourseManager.tsx:492:15
Expected '</', got '}'
  490 |                 </button>
  491 |               </li>
> 492 |             ))}
      |               ^
  493 |           </ul>
  494 |         </div>
  495 |

Parsing ecmascript source code failed

Import trace:
  Server Component:
    ./components/admin/AdminCourseManager.tsx
    ./app/dashboard/admin/courses/page.tsx @ http://localhost:3000/_next/static/chunks/node_modules_next_dist_0u_w_5s._.js:1945
[   45612ms] [ERROR] ./components/admin/AdminCourseManager.tsx:492:15
Expected '</', got '}'
  490 |                 </button>
  491 |               </li>
> 492 |             ))}
      |               ^
  493 |           </ul>
  494 |         </div>
  495 |

Parsing ecmascript source code failed

Import trace:
  Server Component:
    ./components/admin/AdminCourseManager.tsx
    ./app/dashboard/admin/courses/page.tsx @ http://localhost:3000/_next/static/chunks/node_modules_next_dist_0u_w_5s._.js:1945
[   45673ms] [ERROR] ./components/admin/AdminCourseManager.tsx:492:15
Expected '</', got '}'
  490 |                 </button>
  491 |               </li>
> 492 |             ))}
      |               ^
  493 |           </ul>
  494 |         </div>
  495 |

Parsing ecmascript source code failed

Import trace:
  Server Component:
    ./components/admin/AdminCourseManager.tsx
    ./app/dashboard/admin/courses/page.tsx @ http://localhost:3000/_next/static/chunks/node_modules_next_dist_0u_w_5s._.js:1945
[   45735ms] [ERROR] ./components/admin/AdminCourseManager.tsx:492:15
Expected '</', got '}'
  490 |                 </button>
  491 |               </li>
> 492 |             ))}
      |               ^
  493 |           </ul>
  494 |         </div>
  495 |

Parsing ecmascript source code failed

Import trace:
  Server Component:
    ./components/admin/AdminCourseManager.tsx
    ./app/dashboard/admin/courses/page.tsx @ http://localhost:3000/_next/static/chunks/node_modules_next_dist_0u_w_5s._.js:1945
[   45798ms] [ERROR] ./components/admin/AdminCourseManager.tsx:492:15
Expected '</', got '}'
  490 |                 </button>
  491 |               </li>
> 492 |             ))}
      |               ^
  493 |           </ul>
  494 |         </div>
  495 |

Parsing ecmascript source code failed

Import trace:
  Server Component:
    ./components/admin/AdminCourseManager.tsx
    ./app/dashboard/admin/courses/page.tsx @ http://localhost:3000/_next/static/chunks/node_modules_next_dist_0u_w_5s._.js:1945
[   45860ms] [ERROR] ./components/admin/AdminCourseManager.tsx:492:15
Expected '</', got '}'
  490 |                 </button>
  491 |               </li>
> 492 |             ))}
      |               ^
  493 |           </ul>
  494 |         </div>
  495 |

Parsing ecmascript source code failed

Import trace:
  Server Component:
    ./components/admin/AdminCourseManager.tsx
    ./app/dashboard/admin/courses/page.tsx @ http://localhost:3000/_next/static/chunks/node_modules_next_dist_0u_w_5s._.js:1945
[   45923ms] [ERROR] ./components/admin/AdminCourseManager.tsx:492:15
Expected '</', got '}'
  490 |                 </button>
  491 |               </li>
> 492 |             ))}
      |               ^
  493 |           </ul>
  494 |         </div>
  495 |

Parsing ecmascript source code failed

Import trace:
  Server Component:
    ./components/admin/AdminCourseManager.tsx
    ./app/dashboard/admin/courses/page.tsx @ http://localhost:3000/_next/static/chunks/node_modules_next_dist_0u_w_5s._.js:1945
[   45985ms] [ERROR] ./components/admin/AdminCourseManager.tsx:492:15
Expected '</', got '}'
  490 |                 </button>
  491 |               </li>
> 492 |             ))}
      |               ^
  493 |           </ul>
  494 |         </div>
  495 |

Parsing ecmascript source code failed

Import trace:
  Server Component:
    ./components/admin/AdminCourseManager.tsx
    ./app/dashboard/admin/courses/page.tsx @ http://localhost:3000/_next/static/chunks/node_modules_next_dist_0u_w_5s._.js:1945
[   46049ms] [ERROR] ./components/admin/AdminCourseManager.tsx:492:15
Expected '</', got '}'
  490 |                 </button>
  491 |               </li>
> 492 |             ))}
      |               ^
  493 |           </ul>
  494 |         </div>
  495 |

Parsing ecmascript source code failed

Import trace:
  Server Component:
    ./components/admin/AdminCourseManager.tsx
    ./app/dashboard/admin/courses/page.tsx @ http://localhost:3000/_next/static/chunks/node_modules_next_dist_0u_w_5s._.js:1945
[   46112ms] [ERROR] ./components/admin/AdminCourseManager.tsx:492:15
Expected '</', got '}'
  490 |                 </button>
  491 |               </li>
> 492 |             ))}
      |               ^
  493 |           </ul>
  494 |         </div>
  495 |

Parsing ecmascript source code failed

Import trace:
  Server Component:
    ./components/admin/AdminCourseManager.tsx
    ./app/dashboard/admin/courses/page.tsx @ http://localhost:3000/_next/static/chunks/node_modules_next_dist_0u_w_5s._.js:1945
[   46174ms] [ERROR] ./components/admin/AdminCourseManager.tsx:492:15
Expected '</', got '}'
  490 |                 </button>
  491 |               </li>
> 492 |             ))}
      |               ^
  493 |           </ul>
  494 |         </div>
  495 |

Parsing ecmascript source code failed

Import trace:
  Server Component:
    ./components/admin/AdminCourseManager.tsx
    ./app/dashboard/admin/courses/page.tsx @ http://localhost:3000/_next/static/chunks/node_modules_next_dist_0u_w_5s._.js:1945
[   46237ms] [ERROR] ./components/admin/AdminCourseManager.tsx:492:15
Expected '</', got '}'
  490 |                 </button>
  491 |               </li>
> 492 |             ))}
      |               ^
  493 |           </ul>
  494 |         </div>
  495 |

Parsing ecmascript source code failed

Import trace:
  Server Component:
    ./components/admin/AdminCourseManager.tsx
    ./app/dashboard/admin/courses/page.tsx @ http://localhost:3000/_next/static/chunks/node_modules_next_dist_0u_w_5s._.js:1945
[   46298ms] [ERROR] ./components/admin/AdminCourseManager.tsx:492:15
Expected '</', got '}'
  490 |                 </button>
  491 |               </li>
> 492 |             ))}
      |               ^
  493 |           </ul>
  494 |         </div>
  495 |

Parsing ecmascript source code failed

Import trace:
  Server Component:
    ./components/admin/AdminCourseManager.tsx
    ./app/dashboard/admin/courses/page.tsx @ http://localhost:3000/_next/static/chunks/node_modules_next_dist_0u_w_5s._.js:1945
[   46361ms] [ERROR] ./components/admin/AdminCourseManager.tsx:492:15
Expected '</', got '}'
  490 |                 </button>
  491 |               </li>
> 492 |             ))}
      |               ^
  493 |           </ul>
  494 |         </div>
  495 |

Parsing ecmascript source code failed

Import trace:
  Server Component:
    ./components/admin/AdminCourseManager.tsx
    ./app/dashboard/admin/courses/page.tsx @ http://localhost:3000/_next/static/chunks/node_modules_next_dist_0u_w_5s._.js:1945
[   46422ms] [ERROR] ./components/admin/AdminCourseManager.tsx:492:15
Expected '</', got '}'
  490 |                 </button>
  491 |               </li>
> 492 |             ))}
      |               ^
  493 |           </ul>
  494 |         </div>
  495 |

Parsing ecmascript source code failed

Import trace:
  Server Component:
    ./components/admin/AdminCourseManager.tsx
    ./app/dashboard/admin/courses/page.tsx @ http://localhost:3000/_next/static/chunks/node_modules_next_dist_0u_w_5s._.js:1945
[   46489ms] [ERROR] ./components/admin/AdminCourseManager.tsx:492:15
Expected '</', got '}'
  490 |                 </button>
  491 |               </li>
> 492 |             ))}
      |               ^
  493 |           </ul>
  494 |         </div>
  495 |

Parsing ecmascript source code failed

Import trace:
  Server Component:
    ./components/admin/AdminCourseManager.tsx
    ./app/dashboard/admin/courses/page.tsx @ http://localhost:3000/_next/static/chunks/node_modules_next_dist_0u_w_5s._.js:1945
[   46548ms] [ERROR] ./components/admin/AdminCourseManager.tsx:492:15
Expected '</', got '}'
  490 |                 </button>
  491 |               </li>
> 492 |             ))}
      |               ^
  493 |           </ul>
  494 |         </div>
  495 |

Parsing ecmascript source code failed

Import trace:
  Server Component:
    ./components/admin/AdminCourseManager.tsx
    ./app/dashboard/admin/courses/page.tsx @ http://localhost:3000/_next/static/chunks/node_modules_next_dist_0u_w_5s._.js:1945
[   46668ms] [LOG] [Fast Refresh] rebuilding @ http://localhost:3000/_next/static/chunks/node_modules_next_dist_0u_w_5s._.js:1226
[   47513ms] [LOG] [Fast Refresh] done in 957ms @ http://localhost:3000/_next/static/chunks/node_modules_next_dist_0u_w_5s._.js:1226
[   47777ms] [LOG] [Fast Refresh] rebuilding @ http://localhost:3000/_next/static/chunks/node_modules_next_dist_0u_w_5s._.js:1226
[   48224ms] [LOG] [Fast Refresh] done in 547ms @ http://localhost:3000/_next/static/chunks/node_modules_next_dist_0u_w_5s._.js:1226
[   48556ms] [LOG] [Fast Refresh] rebuilding @ http://localhost:3000/_next/static/chunks/node_modules_next_dist_0u_w_5s._.js:1226
[   48594ms] [LOG] [Fast Refresh] done in 146ms @ http://localhost:3000/_next/static/chunks/node_modules_next_dist_0u_w_5s._.js:1226
[   48697ms] [LOG] [Fast Refresh] rebuilding @ http://localhost:3000/_next/static/chunks/node_modules_next_dist_0u_w_5s._.js:1226
[   48783ms] [LOG] [Fast Refresh] done in 187ms @ http://localhost:3000/_next/static/chunks/node_modules_next_dist_0u_w_5s._.js:1226
[   49070ms] [LOG] [Fast Refresh] rebuilding @ http://localhost:3000/_next/static/chunks/node_modules_next_dist_0u_w_5s._.js:1226
[   49126ms] [LOG] [Fast Refresh] done in 166ms @ http://localhost:3000/_next/static/chunks/node_modules_next_dist_0u_w_5s._.js:1226
[   49228ms] [LOG] [Fast Refresh] rebuilding @ http://localhost:3000/_next/static/chunks/node_modules_next_dist_0u_w_5s._.js:1226
[   49352ms] [LOG] [Fast Refresh] done in 225ms @ http://localhost:3000/_next/static/chunks/node_modules_next_dist_0u_w_5s._.js:1226
[   49589ms] [LOG] [Fast Refresh] rebuilding @ http://localhost:3000/_next/static/chunks/node_modules_next_dist_0u_w_5s._.js:1226
[   49800ms] [LOG] [Fast Refresh] done in 314ms @ http://localhost:3000/_next/static/chunks/node_modules_next_dist_0u_w_5s._.js:1226
[   50105ms] [LOG] [Fast Refresh] rebuilding @ http://localhost:3000/_next/static/chunks/node_modules_next_dist_0u_w_5s._.js:1226
[   50380ms] [LOG] [Fast Refresh] done in 377ms @ http://localhost:3000/_next/static/chunks/node_modules_next_dist_0u_w_5s._.js:1226
[   50526ms] [LOG] [Fast Refresh] rebuilding @ http://localhost:3000/_next/static/chunks/node_modules_next_dist_0u_w_5s._.js:1226
[   50538ms] [LOG] [Fast Refresh] done in 118ms @ http://localhost:3000/_next/static/chunks/node_modules_next_dist_0u_w_5s._.js:1226
[   51207ms] [INFO] %cDownload the React DevTools for a better development experience: https://react.dev/link/react-devtools font-weight:bold @ http://localhost:3000/_next/static/chunks/node_modules_next_dist_115brz8._.js:2477
[   51249ms] [LOG] [HMR] connected @ http://localhost:3000/_next/static/chunks/node_modules_next_dist_115brz8._.js:2477
[   51437ms] [WARNING] Image with src "/logo.png" has either width or height modified, but not the other. If you use CSS to change the size of your image, also include the styles 'width: "auto"' or 'height: "auto"' to maintain the aspect ratio. @ http://localhost:3000/_next/static/chunks/node_modules_next_dist_115brz8._.js:2477
[   51573ms] [LOG] [Fast Refresh] rebuilding @ http://localhost:3000/_next/static/chunks/node_modules_next_dist_115brz8._.js:2477
[   51579ms] [LOG] [Fast Refresh] done in 115ms @ http://localhost:3000/_next/static/chunks/node_modules_next_dist_115brz8._.js:2477
[   51712ms] [LOG] [Fast Refresh] rebuilding @ http://localhost:3000/_next/static/chunks/node_modules_next_dist_115brz8._.js:2477
[   51733ms] [LOG] [Fast Refresh] done in 136ms @ http://localhost:3000/_next/static/chunks/node_modules_next_dist_115brz8._.js:2477
